"","MULTI_ID"
"AAACCTGAGCCTCGTG","Thymus-790"
"AAACCTGAGTGAATTG","Thymus-790"
"AAACCTGAGTGGAGTC","Thymus-814"
"AAACCTGCAAGACACG","Thymus-790"
"AAACCTGCAGACAGGT","Thymus-814"
"AAACCTGCATTTCAGG","Thymus-813"
"AAACGGGGTCAAACTC","Thymus-790"
"AAACGGGGTGCGCTTG","Thymus-814"
"AAACGGGTCCACGAAT","Thymus-814"
"AAAGATGAGGCCGAAT","Thymus-790"
"AAAGATGAGGGTGTGT","Thymus-790"
"AAAGATGCAAACTGCT","Thymus-813"
"AAAGATGGTAATCACC","Thymus-814"
"AAAGATGGTTACGTCA","Thymus-790"
"AAAGATGTCGCACTCT","Thymus-814"
"AAAGCAACAAATCCGT","Thymus-814"
"AAAGCAAGTCTCCACT","Thymus-814"
"AAAGCAAGTTCTCATT","Thymus-814"
"AAAGCAATCAACCATG","Thymus-790"
"AAAGCAATCGGCGCAT","Thymus-790"
"AAAGTAGAGAGTGACC","Thymus-790"
"AAAGTAGCACAGGTTT","Thymus-790"
"AAAGTAGGTACAAGTA","Thymus-814"
"AAAGTAGGTACCGAGA","Thymus-814"
"AAAGTAGGTAGGGTAC","Thymus-814"
"AAAGTAGGTGCACCAC","Thymus-814"
"AAAGTAGTCGGACAAG","Thymus-814"
"AAAGTAGTCGGCTTGG","Thymus-790"
"AAATGCCCACCGATAT","Thymus-790"
"AAATGCCGTACGCACC","Thymus-790"
"AAATGCCTCAACGGGA","Thymus-814"
"AAATGCCTCCATGCTC","Thymus-790"
"AACACGTTCGTAGGTT","Thymus-814"
"AACCATGGTGTTTGGT","Thymus-790"
"AACCATGTCGCCCTTA","Thymus-790"
"AACCGCGAGCGACGTA","Thymus-790"
"AACCGCGCAGTTAACC","Thymus-790"
"AACGTTGAGACTGTAA","Thymus-790"
"AACGTTGAGTCGTACT","Thymus-790"
"AACGTTGGTACCGGCT","Thymus-790"
"AACGTTGGTATAAACG","Thymus-790"
"AACGTTGTCAGTCAGT","Thymus-814"
"AACGTTGTCTTCAACT","Thymus-814"
"AACTCAGAGCAGATCG","Thymus-790"
"AACTCAGAGTACGCCC","Thymus-790"
"AACTCAGGTTAGTGGG","Thymus-814"
"AACTCAGGTTGAGTTC","Thymus-814"
"AACTCAGTCAGGCAAG","Thymus-814"
"AACTCCCCAACCGCCA","Thymus-790"
"AACTCCCCACCTATCC","Thymus-814"
"AACTCCCGTTGGTAAA","Thymus-814"
"AACTCTTAGATCTGCT","Thymus-814"
"AACTCTTAGCAAATCA","Thymus-790"
"AACTGGTAGCGATTCT","Thymus-814"
"AACTGGTAGGAGCGTT","Thymus-814"
"AACTGGTCAGGTTTCA","Thymus-814"
"AACTGGTGTGCCTTGG","Thymus-790"
"AACTGGTTCACCTCGT","Thymus-790"
"AACTGGTTCGCCATAA","Thymus-790"
"AACTTTCCACCTTGTC","Thymus-814"
"AACTTTCGTTGTGGCC","Thymus-790"
"AAGACCTAGCGATGAC","Thymus-814"
"AAGACCTTCACCAGGC","Thymus-790"
"AAGCCGCAGCTAACAA","Thymus-814"
"AAGCCGCCAATAGCAA","Thymus-790"
"AAGCCGCGTCAGAAGC","Thymus-813"
"AAGCCGCGTGCAACTT","Thymus-814"
"AAGCCGCGTTATCGGT","Thymus-790"
"AAGCCGCTCAGGCGAA","Thymus-790"
"AAGCCGCTCAGTTAGC","Thymus-814"
"AAGGAGCAGAGCTATA","Thymus-790"
"AAGGAGCGTAGCTCCG","Thymus-813"
"AAGGAGCGTGCTAGCC","Thymus-814"
"AAGGAGCGTGCTTCTC","Thymus-790"
"AAGGAGCTCAACACGT","Thymus-790"
"AAGGAGCTCAGCTCGG","Thymus-790"
"AAGGCAGAGCAGGCTA","Thymus-814"
"AAGGCAGAGGGCTCTC","Thymus-790"
"AAGGCAGGTCGCATCG","Thymus-790"
"AAGGTTCAGACACGAC","Thymus-790"
"AAGGTTCAGTACACCT","Thymus-790"
"AAGGTTCAGTCAATAG","Thymus-813"
"AAGGTTCCATAACCTG","Thymus-790"
"AAGGTTCGTAAACCTC","Thymus-814"
"AAGGTTCTCGCGTAGC","Thymus-790"
"AAGTCTGGTAAGTGGC","Thymus-813"
"AAGTCTGTCACTCTTA","Thymus-814"
"AATCCAGAGAAACCAT","Thymus-790"
"AATCCAGAGGGCATGT","Thymus-814"
"AATCCAGCACTGTTAG","Thymus-790"
"AATCCAGCATGCTAGT","Thymus-814"
"AATCCAGGTTGAACTC","Thymus-790"
"AATCGGTCAGTAACGG","Thymus-790"
"AATCGGTGTCTGATCA","Thymus-790"
"AATCGGTGTGTGACGA","Thymus-790"
"AATCGGTTCTGTCTAT","Thymus-790"
"ACACCAAAGCCCAATT","Thymus-790"
"ACACCAAAGGGAACGG","Thymus-814"
"ACACCAACAAGGACAC","Thymus-814"
"ACACCAATCTTCAACT","Thymus-790"
"ACACCCTAGACTAGAT","Thymus-790"
"ACACCCTAGTACGCGA","Thymus-814"
"ACACCGGAGCCTTGAT","Thymus-790"
"ACACCGGAGTGAATTG","Thymus-814"
"ACACCGGCAGCCAATT","Thymus-790"
"ACACCGGGTAGCCTAT","Thymus-790"
"ACACCGGGTCGTCTTC","Thymus-814"
"ACACCGGGTGGTAACG","Thymus-790"
"ACACCGGTCGCCATAA","Thymus-814"
"ACACCGGTCTGTGCAA","Thymus-790"
"ACACTGAAGAAGATTC","Thymus-813"
"ACACTGAAGAGTAAGG","Thymus-790"
"ACACTGACAATCCAAC","Thymus-790"
"ACACTGAGTTATCGGT","Thymus-814"
"ACACTGATCTCCAACC","Thymus-790"
"ACAGCCGAGCTTTGGT","Thymus-814"
"ACAGCCGAGGTAGCTG","Thymus-790"
"ACAGCCGGTTGGTGGA","Thymus-814"
"ACAGCTACATAGAAAC","Thymus-790"
"ACAGCTAGTCGTGGCT","Thymus-814"
"ACAGCTAGTGCTGTAT","Thymus-790"
"ACAGCTATCGTGGTCG","Thymus-814"
"ACATACGCACGCGAAA","Thymus-790"
"ACATACGGTCTTTCAT","Thymus-790"
"ACATACGGTTCCCGAG","Thymus-790"
"ACATCAGAGACGCAAC","Thymus-814"
"ACATGGTCAAAGTGCG","Thymus-790"
"ACATGGTCATGGGAAC","Thymus-790"
"ACATGGTTCTGGTGTA","Thymus-814"
"ACCAGTACACTAAGTC","Thymus-790"
"ACCAGTACAGTGAGTG","Thymus-790"
"ACCAGTACATAAAGGT","Thymus-813"
"ACCCACTAGCCAGTAG","Thymus-790"
"ACCCACTGTCGAACAG","Thymus-814"
"ACCCACTGTGCACGAA","Thymus-790"
"ACCCACTTCATGTGGT","Thymus-814"
"ACCCACTTCCTTGACC","Thymus-814"
"ACCCACTTCGACGGAA","Thymus-814"
"ACCCACTTCGAGCCCA","Thymus-814"
"ACCGTAATCGCAAACT","Thymus-814"
"ACCTTTAAGATTACCC","Thymus-790"
"ACCTTTAAGCTCCCAG","Thymus-790"
"ACCTTTACACCCATTC","Thymus-814"
"ACCTTTACACTATCTT","Thymus-814"
"ACGAGCCAGAAGGTGA","Thymus-790"
"ACGAGCCGTTGTGGCC","Thymus-790"
"ACGAGGACATGAAGTA","Thymus-790"
"ACGATACAGTCGTTTG","Thymus-814"
"ACGATACCAACTGCGC","Thymus-790"
"ACGATACCAATGGACG","Thymus-790"
"ACGATGTAGAGTTGGC","Thymus-790"
"ACGATGTCACACTGCG","Thymus-790"
"ACGATGTCAGCTGCTG","Thymus-814"
"ACGATGTCAGTAGAGC","Thymus-814"
"ACGATGTCATGCATGT","Thymus-790"
"ACGATGTCATTACCTT","Thymus-790"
"ACGCAGCGTAGCCTAT","Thymus-814"
"ACGCAGCGTCGGCATC","Thymus-814"
"ACGCAGCGTCTTGATG","Thymus-790"
"ACGCAGCTCTCCTATA","Thymus-814"
"ACGCAGCTCTTTACAC","Thymus-790"
"ACGCCAGAGAGTGACC","Thymus-813"
"ACGCCAGAGGTAGCTG","Thymus-813"
"ACGCCAGCACTCGACG","Thymus-813"
"ACGCCAGGTACGCACC","Thymus-814"
"ACGCCAGTCTACGAGT","Thymus-790"
"ACGCCGAAGCGGATCA","Thymus-814"
"ACGCCGAGTCGCGAAA","Thymus-790"
"ACGCCGAGTCTCGTTC","Thymus-814"
"ACGGAGAAGAATTCCC","Thymus-790"
"ACGGAGAGTCGAACAG","Thymus-790"
"ACGGAGATCAAGGCTT","Thymus-790"
"ACGGAGATCACTCTTA","Thymus-790"
"ACGGAGATCCGAATGT","Thymus-814"
"ACGGAGATCTTACCTA","Thymus-790"
"ACGGCCAAGAAACCGC","Thymus-790"
"ACGGCCAAGTCAATAG","Thymus-790"
"ACGGCCATCTACTATC","Thymus-814"
"ACGGCCATCTCTTGAT","Thymus-813"
"ACGGGCTTCACCTCGT","Thymus-790"
"ACGGGTCAGGCAATTA","Thymus-814"
"ACGGGTCAGGGCTTGA","Thymus-813"
"ACGGGTCCAGTACACT","Thymus-790"
"ACGGGTCGTCCTCCAT","Thymus-790"
"ACGGGTCTCGACAGCC","Thymus-814"
"ACGTCAAAGACGCTTT","Thymus-790"
"ACGTCAAAGATAGTCA","Thymus-790"
"ACGTCAATCATGGTCA","Thymus-790"
"ACGTCAATCTCGTTTA","Thymus-790"
"ACTATCTAGACCCACC","Thymus-790"
"ACTATCTCATGGTAGG","Thymus-814"
"ACTATCTGTCGGCTCA","Thymus-814"
"ACTGAACGTCTAGAGG","Thymus-790"
"ACTGAACTCAGGCGAA","Thymus-790"
"ACTGAACTCTCCAACC","Thymus-790"
"ACTGAGTCAAGTTGTC","Thymus-813"
"ACTGAGTGTAAGTGTA","Thymus-790"
"ACTGAGTTCCAAGTAC","Thymus-814"
"ACTGATGCAAGTAGTA","Thymus-814"
"ACTGATGCACAGGTTT","Thymus-814"
"ACTGATGGTAATTGGA","Thymus-790"
"ACTGATGTCCTTTACA","Thymus-790"
"ACTGCTCAGTACATGA","Thymus-813"
"ACTGCTCCATTACGAC","Thymus-790"
"ACTGCTCGTTTGGCGC","Thymus-790"
"ACTGCTCTCCTTTCGG","Thymus-790"
"ACTGTCCGTTTCCACC","Thymus-814"
"ACTGTCCTCCCAAGAT","Thymus-790"
"ACTGTCCTCGTAGGTT","Thymus-814"
"ACTGTCCTCTCGCATC","Thymus-790"
"ACTTACTGTCTTCTCG","Thymus-790"
"ACTTACTGTTCGTGAT","Thymus-790"
"ACTTGTTGTACCGCTG","Thymus-790"
"ACTTGTTTCCTCGCAT","Thymus-814"
"ACTTTCACAAAGCAAT","Thymus-814"
"ACTTTCACACAGGAGT","Thymus-813"
"ACTTTCAGTAACGACG","Thymus-790"
"AGAATAGCAGCTCCGA","Thymus-790"
"AGAATAGCATCTGGTA","Thymus-790"
"AGAATAGCATTGAGCT","Thymus-813"
"AGAATAGTCCAACCAA","Thymus-814"
"AGACGTTAGTGATCGG","Thymus-790"
"AGACGTTCATAGGATA","Thymus-790"
"AGACGTTTCCGCATCT","Thymus-813"
"AGACGTTTCGATAGAA","Thymus-790"
"AGAGCGACAATACGCT","Thymus-814"
"AGAGCGACATCGGACC","Thymus-814"
"AGAGCGACATTACCTT","Thymus-790"
"AGAGCGAGTGGTCCGT","Thymus-790"
"AGAGCTTGTTAAAGAC","Thymus-814"
"AGAGTGGAGACTCGGA","Thymus-790"
"AGAGTGGCATCTGGTA","Thymus-790"
"AGAGTGGGTGCGGTAA","Thymus-814"
"AGAGTGGGTGCTGTAT","Thymus-790"
"AGAGTGGGTTACGTCA","Thymus-790"
"AGATCTGAGCGATATA","Thymus-790"
"AGATCTGGTCTCTTTA","Thymus-790"
"AGATCTGTCATTATCC","Thymus-814"
"AGATTGCGTAACGCGA","Thymus-790"
"AGATTGCGTTCTGGTA","Thymus-790"
"AGATTGCTCCGAGCCA","Thymus-814"
"AGCAGCCGTATAAACG","Thymus-814"
"AGCAGCCTCGCACTCT","Thymus-814"
"AGCATACCACATGACT","Thymus-814"
"AGCATACCATTTGCTT","Thymus-790"
"AGCATACGTCCGTCAG","Thymus-790"
"AGCATACGTTCGTCTC","Thymus-814"
"AGCATACTCAGCTTAG","Thymus-790"
"AGCATACTCTTACCGC","Thymus-790"
"AGCCTAAGTAATCGTC","Thymus-814"
"AGCCTAAGTAGCGTAG","Thymus-790"
"AGCCTAAGTGACGGTA","Thymus-813"
"AGCCTAATCCCAAGTA","Thymus-814"
"AGCCTAATCGCCATAA","Thymus-790"
"AGCCTAATCTAAGCCA","Thymus-814"
"AGCGGTCAGGTGGGTT","Thymus-790"
"AGCGGTCAGTTCCACA","Thymus-814"
"AGCGGTCGTACCGAGA","Thymus-814"
"AGCGGTCGTGAGGCTA","Thymus-814"
"AGCGGTCTCACAACGT","Thymus-814"
"AGCGGTCTCTAGCACA","Thymus-790"
"AGCGTATAGATGTGTA","Thymus-790"
"AGCGTATCACTGTTAG","Thymus-790"
"AGCGTATGTGGGTCAA","Thymus-790"
"AGCGTATTCTCTTGAT","Thymus-814"
"AGCGTCGAGCGGCTTC","Thymus-814"
"AGCGTCGAGGAGCGTT","Thymus-813"
"AGCGTCGCATAACCTG","Thymus-790"
"AGCGTCGGTACAGCAG","Thymus-814"
"AGCTCCTCACAGACTT","Thymus-790"
"AGCTCCTGTCACTGGC","Thymus-814"
"AGCTCTCCAGCTTAAC","Thymus-790"
"AGCTCTCGTTCCACGG","Thymus-790"
"AGCTTGAAGGGAAACA","Thymus-814"
"AGCTTGAGTATTCGTG","Thymus-790"
"AGCTTGAGTGACTCAT","Thymus-814"
"AGCTTGAGTGTTAAGA","Thymus-790"
"AGCTTGATCACCCTCA","Thymus-790"
"AGCTTGATCATCTGCC","Thymus-790"
"AGCTTGATCGTAGGTT","Thymus-790"
"AGGCCACAGCCAGTAG","Thymus-790"
"AGGCCACAGGATGGAA","Thymus-790"
"AGGCCACCACCCTATC","Thymus-814"
"AGGCCACCATTAACCG","Thymus-790"
"AGGCCACGTTTAGGAA","Thymus-790"
"AGGCCACTCCGTTGTC","Thymus-790"
"AGGCCACTCTACGAGT","Thymus-790"
"AGGCCGTAGACCACGA","Thymus-790"
"AGGCCGTAGGATATAC","Thymus-790"
"AGGCCGTAGGCTACGA","Thymus-790"
"AGGCCGTAGGGTATCG","Thymus-790"
"AGGCCGTGTACCGTTA","Thymus-790"
"AGGCCGTGTATTCTCT","Thymus-814"
"AGGCCGTTCAACACGT","Thymus-813"
"AGGGAGTAGAATTCCC","Thymus-814"
"AGGGAGTAGATGTGGC","Thymus-790"
"AGGGAGTAGCCACGTC","Thymus-814"
"AGGGAGTCAAGGTGTG","Thymus-790"
"AGGGAGTGTGTTGAGG","Thymus-790"
"AGGGAGTGTTCAGACT","Thymus-813"
"AGGGAGTTCCAATGGT","Thymus-790"
"AGGGATGAGGGTTCCC","Thymus-814"
"AGGGATGCAATACGCT","Thymus-814"
"AGGGATGCAGATGAGC","Thymus-790"
"AGGGATGCAGCTGTTA","Thymus-814"
"AGGGATGGTGTAATGA","Thymus-814"
"AGGGATGGTTGGTTTG","Thymus-790"
"AGGGTGAGTACCGAGA","Thymus-790"
"AGGGTGAGTATTACCG","Thymus-814"
"AGGGTGAGTCCTCCAT","Thymus-790"
"AGGGTGAGTCTTGATG","Thymus-814"
"AGGGTGATCTTTCCTC","Thymus-814"
"AGGTCATAGACTTGAA","Thymus-813"
"AGGTCATAGCCCAACC","Thymus-814"
"AGGTCATAGCCCGAAA","Thymus-790"
"AGGTCATCAATGCCAT","Thymus-790"
"AGGTCATCAGGATTGG","Thymus-790"
"AGGTCATGTCTGCAAT","Thymus-790"
"AGGTCATTCACAGTAC","Thymus-814"
"AGGTCATTCAGTTAGC","Thymus-814"
"AGGTCCGAGTGGTAAT","Thymus-814"
"AGGTCCGGTACGCACC","Thymus-790"
"AGGTCCGGTCGTGGCT","Thymus-790"
"AGGTCCGGTCTAACGT","Thymus-790"
"AGGTCCGGTCTAGTCA","Thymus-790"
"AGGTCCGGTGATGTCT","Thymus-814"
"AGGTCCGGTGCAGTAG","Thymus-790"
"AGGTCCGGTGTGGCTC","Thymus-814"
"AGTAGTCAGGGCTTCC","Thymus-790"
"AGTAGTCGTACTTAGC","Thymus-790"
"AGTAGTCGTCCAGTTA","Thymus-790"
"AGTAGTCTCGACAGCC","Thymus-814"
"AGTAGTCTCGCTTGTC","Thymus-790"
"AGTCTTTGTACCGTAT","Thymus-814"
"AGTCTTTGTCACTTCC","Thymus-814"
"AGTCTTTTCTGCTGTC","Thymus-790"
"AGTGAGGGTTCGTTGA","Thymus-814"
"AGTGAGGTCACTCTTA","Thymus-814"
"AGTGAGGTCCGCGGTA","Thymus-790"
"AGTGAGGTCGCATGGC","Thymus-790"
"AGTGGGAAGCGATGAC","Thymus-814"
"AGTGGGACAAGCTGTT","Thymus-813"
"AGTGGGACAGCATGAG","Thymus-814"
"AGTGGGACATCTCCCA","Thymus-790"
"AGTGGGATCAAGGTAA","Thymus-790"
"AGTGGGATCATTGCCC","Thymus-790"
"AGTGGGATCCTAGGGC","Thymus-813"
"AGTGTCAAGGCCCTCA","Thymus-790"
"AGTGTCACAGGTGGAT","Thymus-790"
"AGTGTCACATTCACTT","Thymus-814"
"AGTGTCAGTCTAGCCG","Thymus-790"
"AGTGTCAGTTCGGCAC","Thymus-814"
"AGTGTCATCTGTTTGT","Thymus-813"
"ATAACGCCACGAAGCA","Thymus-814"
"ATAACGCCAGATGGCA","Thymus-814"
"ATAACGCCATCCTAGA","Thymus-814"
"ATAACGCGTATAGGGC","Thymus-790"
"ATAACGCTCCGTACAA","Thymus-814"
"ATAACGCTCGGCGGTT","Thymus-813"
"ATAAGAGAGGGAAACA","Thymus-790"
"ATAAGAGCAAGGACTG","Thymus-814"
"ATAAGAGCATTCCTGC","Thymus-813"
"ATAAGAGCATTCGACA","Thymus-790"
"ATAGACCAGATCACGG","Thymus-790"
"ATAGACCAGCTATGCT","Thymus-790"
"ATAGACCGTAAACGCG","Thymus-790"
"ATAGACCTCCCAGGTG","Thymus-813"
"ATCACGACAGGGAGAG","Thymus-814"
"ATCACGATCGTAGGTT","Thymus-790"
"ATCATCTAGCATCATC","Thymus-790"
"ATCATCTGTACATCCA","Thymus-790"
"ATCATGGAGGTGCTAG","Thymus-790"
"ATCATGGGTACCGGCT","Thymus-814"
"ATCATGGGTCATGCAT","Thymus-814"
"ATCCACCAGGGCACTA","Thymus-814"
"ATCCACCGTAATTGGA","Thymus-790"
"ATCCACCTCTTCGAGA","Thymus-814"
"ATCCGAAAGACTTTCG","Thymus-790"
"ATCCGAACAGTCAGAG","Thymus-814"
"ATCCGAAGTACACCGC","Thymus-790"
"ATCCGAAGTACCAGTT","Thymus-814"
"ATCCGAATCGTCTGAA","Thymus-814"
"ATCGAGTAGGCACATG","Thymus-814"
"ATCGAGTCACGGTGTC","Thymus-790"
"ATCGAGTGTGAGGCTA","Thymus-814"
"ATCGAGTGTGAGTATA","Thymus-814"
"ATCGAGTTCACCGGGT","Thymus-814"
"ATCTACTTCTCTGCTG","Thymus-790"
"ATGAGGGAGCCGGTAA","Thymus-813"
"ATGAGGGAGGGTTCCC","Thymus-814"
"ATGAGGGCAATCGAAA","Thymus-790"
"ATGCGATAGACAAGCC","Thymus-790"
"ATGCGATGTATTCGTG","Thymus-814"
"ATGGGAGGTAAGTGGC","Thymus-814"
"ATGGGAGTCCTTTCGG","Thymus-814"
"ATGGGAGTCTGATTCT","Thymus-790"
"ATGTGTGCAACCGCCA","Thymus-814"
"ATGTGTGCACAGGCCT","Thymus-814"
"ATGTGTGCACCAGGTC","Thymus-814"
"ATGTGTGGTAAATACG","Thymus-790"
"ATGTGTGGTCGCGGTT","Thymus-814"
"ATGTGTGGTGTGCCTG","Thymus-790"
"ATGTGTGTCACATAGC","Thymus-814"
"ATGTGTGTCTATCGCC","Thymus-790"
"ATTACTCGTGTTTGGT","Thymus-790"
"ATTACTCTCGCATGGC","Thymus-790"
"ATTATCCAGAGTACAT","Thymus-814"
"ATTATCCCACATTCGA","Thymus-814"
"ATTATCCTCATGTCCC","Thymus-790"
"ATTCTACAGAAGGTGA","Thymus-814"
"ATTCTACAGTTTAGGA","Thymus-790"
"ATTCTACCAATCGAAA","Thymus-814"
"ATTCTACGTACAGACG","Thymus-790"
"ATTCTACGTCTAGAGG","Thymus-790"
"ATTCTACGTGAGGGAG","Thymus-790"
"ATTCTACTCAGGATCT","Thymus-790"
"ATTCTACTCGTCCGTT","Thymus-814"
"ATTGGACGTCGACTAT","Thymus-790"
"ATTGGACTCAGCACAT","Thymus-814"
"ATTGGACTCATTTGGG","Thymus-814"
"ATTGGACTCCAAAGTC","Thymus-790"
"ATTGGTGGTCTTCGTC","Thymus-790"
"ATTGGTGTCACGACTA","Thymus-790"
"ATTTCTGCATCGATGT","Thymus-814"
"ATTTCTGTCGTTGACA","Thymus-790"
"CAACCAAGTACAGACG","Thymus-814"
"CAACCAAGTAGCCTCG","Thymus-814"
"CAACCAATCCGCTGTT","Thymus-790"
"CAACCAATCGCTTGTC","Thymus-790"
"CAACCTCGTCGAGATG","Thymus-814"
"CAACCTCTCCAACCAA","Thymus-790"
"CAACTAGAGAAAGTGG","Thymus-790"
"CAACTAGAGGGATACC","Thymus-790"
"CAACTAGCACCGAATT","Thymus-814"
"CAACTAGCAGTAAGCG","Thymus-813"
"CAACTAGGTAATTGGA","Thymus-814"
"CAACTAGGTTCCATGA","Thymus-790"
"CAACTAGTCAATCACG","Thymus-813"
"CAAGAAAAGCCGATTT","Thymus-790"
"CAAGAAAAGGAGCGAG","Thymus-790"
"CAAGAAAAGTAGGCCA","Thymus-814"
"CAAGAAACACGTGAGA","Thymus-790"
"CAAGAAACAGAGTGTG","Thymus-790"
"CAAGATCAGGAATGGA","Thymus-813"
"CAAGATCCATTGAGCT","Thymus-814"
"CAAGATCGTTACGGAG","Thymus-790"
"CAAGGCCTCTCGCTTG","Thymus-790"
"CAAGTTGTCGAGCCCA","Thymus-790"
"CACAAACAGTGTCTCA","Thymus-790"
"CACAAACGTCCAACTA","Thymus-790"
"CACAAACGTGTTTGTG","Thymus-790"
"CACAAACGTTACTGAC","Thymus-813"
"CACACAAAGGCATTGG","Thymus-790"
"CACACAAGTCGTGGCT","Thymus-814"
"CACACAATCATAGCAC","Thymus-790"
"CACACAATCCTTAATC","Thymus-790"
"CACACCTAGAAACCAT","Thymus-790"
"CACACCTAGCGGCTTC","Thymus-814"
"CACACCTAGTTCGCGC","Thymus-814"
"CACACCTCAGGCGATA","Thymus-790"
"CACACCTCATACTACG","Thymus-790"
"CACACCTCATGCTAGT","Thymus-790"
"CACACCTTCAGCTCTC","Thymus-790"
"CACACCTTCTACTTAC","Thymus-814"
"CACACTCAGACCGGAT","Thymus-790"
"CACACTCCATGACATC","Thymus-814"
"CACACTCGTCGATTGT","Thymus-790"
"CACACTCGTCTCATCC","Thymus-814"
"CACACTCGTTGGTTTG","Thymus-790"
"CACACTCGTTGTGGAG","Thymus-790"
"CACACTCTCAGTCAGT","Thymus-790"
"CACACTCTCGGCATCG","Thymus-790"
"CACAGGCGTCATGCCG","Thymus-813"
"CACAGGCTCAACACTG","Thymus-814"
"CACAGTAAGACATAAC","Thymus-790"
"CACAGTAAGGCACATG","Thymus-790"
"CACAGTAGTCAACTGT","Thymus-814"
"CACAGTAGTGGAAAGA","Thymus-814"
"CACAGTAGTTCGCTAA","Thymus-814"
"CACAGTATCTTGGGTA","Thymus-790"
"CACATAGAGATGTAAC","Thymus-790"
"CACATAGAGTGGGATC","Thymus-814"
"CACATAGCACGTCTCT","Thymus-790"
"CACATAGCAGTATCTG","Thymus-814"
"CACATTTGTTGGGACA","Thymus-790"
"CACCACTGTCCATGAT","Thymus-790"
"CACCACTGTCTGATCA","Thymus-814"
"CACCAGGAGCTCCCAG","Thymus-790"
"CACCAGGCATTCTCAT","Thymus-790"
"CACCAGGGTGAGTATA","Thymus-814"
"CACCTTGCATGGAATA","Thymus-814"
"CACCTTGCATTAACCG","Thymus-814"
"CACTCCAAGGAGCGTT","Thymus-814"
"CACTCCAGTGACAAAT","Thymus-790"
"CACTCCAGTGTGTGCC","Thymus-814"
"CACTCCATCAAACGGG","Thymus-790"
"CAGAATCCAATGACCT","Thymus-813"
"CAGAATCCAGAGTGTG","Thymus-814"
"CAGAATCCAGCCAGAA","Thymus-790"
"CAGAATCCATCCAACA","Thymus-790"
"CAGAATCTCAGCATGT","Thymus-814"
"CAGAATCTCTAACTTC","Thymus-814"
"CAGAGAGAGGAATGGA","Thymus-790"
"CAGAGAGAGGCCATAG","Thymus-790"
"CAGAGAGAGGGTTTCT","Thymus-790"
"CAGAGAGCAATCCGAT","Thymus-790"
"CAGAGAGCACTATCTT","Thymus-814"
"CAGAGAGGTCATTAGC","Thymus-790"
"CAGATCAAGTAGGCCA","Thymus-790"
"CAGATCAGTCTCTCTG","Thymus-790"
"CAGATCATCACGAAGG","Thymus-814"
"CAGCAGCAGTGCCATT","Thymus-790"
"CAGCAGCCATGCCTAA","Thymus-790"
"CAGCAGCGTAGGAGTC","Thymus-790"
"CAGCATAAGGAGCGAG","Thymus-790"
"CAGCATACAAAGTCAA","Thymus-790"
"CAGCATACACCGATAT","Thymus-790"
"CAGCATAGTAAGAGGA","Thymus-790"
"CAGCATAGTGCCTGGT","Thymus-790"
"CAGCATATCGCGTTTC","Thymus-790"
"CAGCATATCTGTCAAG","Thymus-790"
"CAGCATATCTTCATGT","Thymus-814"
"CAGCCGAAGCCACTAT","Thymus-790"
"CAGCCGAAGTGCAAGC","Thymus-790"
"CAGCCGACAAGAAGAG","Thymus-790"
"CAGCCGACAAGCTGAG","Thymus-814"
"CAGCCGACAATTCCTT","Thymus-790"
"CAGCCGACACAGACAG","Thymus-813"
"CAGCCGACAGCGATCC","Thymus-790"
"CAGCCGATCCTATTCA","Thymus-814"
"CAGCCGATCTTGTCAT","Thymus-790"
"CAGCGACAGACAATAC","Thymus-790"
"CAGCGACCACGGTTTA","Thymus-790"
"CAGCGACCAGGCTCAC","Thymus-814"
"CAGCGACGTTACGACT","Thymus-814"
"CAGCGACGTTACTGAC","Thymus-790"
"CAGCGACTCCTCAATT","Thymus-790"
"CAGCGACTCTTTCCTC","Thymus-814"
"CAGCTAAGTCTCTTAT","Thymus-790"
"CAGCTAAGTCTGCAAT","Thymus-814"
"CAGCTAATCAGCTCTC","Thymus-814"
"CAGCTAATCATGCATG","Thymus-814"
"CAGCTAATCCGCAAGC","Thymus-814"
"CAGCTGGAGACTTGAA","Thymus-790"
"CAGCTGGAGGGCTTGA","Thymus-790"
"CAGCTGGGTTATGCGT","Thymus-790"
"CAGCTGGTCATTGCCC","Thymus-790"
"CAGCTGGTCCGCGTTT","Thymus-790"
"CAGGTGCTCTCTTGAT","Thymus-790"
"CAGTAACAGCGATGAC","Thymus-790"
"CAGTAACAGTCTCAAC","Thymus-790"
"CAGTAACGTGATAAAC","Thymus-814"
"CAGTAACTCTGCGGCA","Thymus-814"
"CAGTCCTAGAGGTAGA","Thymus-790"
"CAGTCCTAGTGTACGG","Thymus-813"
"CAGTCCTGTATATCCG","Thymus-790"
"CAGTCCTGTCAAAGAT","Thymus-790"
"CAGTCCTGTCAATACC","Thymus-790"
"CAGTCCTGTTGGTGGA","Thymus-790"
"CAGTCCTTCGATCCCT","Thymus-814"
"CATATGGAGCCCAATT","Thymus-814"
"CATATGGAGTACACCT","Thymus-790"
"CATATGGAGTACGTTC","Thymus-790"
"CATATGGCAAGTTAAG","Thymus-790"
"CATATGGCACTGTGTA","Thymus-790"
"CATATGGCAGCTCGCA","Thymus-790"
"CATATGGGTCTGATCA","Thymus-814"
"CATATGGTCTCTGTCG","Thymus-790"
"CATATTCAGATGCCTT","Thymus-790"
"CATATTCAGGTTCCTA","Thymus-790"
"CATATTCCAATAACGA","Thymus-790"
"CATATTCCACATTAGC","Thymus-814"
"CATATTCCAGTATAAG","Thymus-790"
"CATATTCCATTACGAC","Thymus-790"
"CATATTCGTATAAACG","Thymus-814"
"CATATTCTCGAGAACG","Thymus-790"
"CATCAAGCACCATCCT","Thymus-790"
"CATCAAGCATCAGTCA","Thymus-813"
"CATCAAGGTCGCGTGT","Thymus-814"
"CATCAAGTCAAACGGG","Thymus-814"
"CATCAGACATGCCACG","Thymus-790"
"CATCCACGTCCAGTGC","Thymus-814"
"CATCGAACAGATGAGC","Thymus-790"
"CATCGGGAGCTGTTCA","Thymus-790"
"CATCGGGTCGCATGGC","Thymus-790"
"CATGACACACTTACGA","Thymus-790"
"CATGACAGTCAACATC","Thymus-790"
"CATGACAGTTGTACAC","Thymus-790"
"CATGACATCAGGTTCA","Thymus-790"
"CATGCCTAGACATAAC","Thymus-814"
"CATGCCTAGGGTTTCT","Thymus-790"
"CATGCCTAGTTGCAGG","Thymus-814"
"CATGCCTCATAGAAAC","Thymus-790"
"CATGCCTTCAATACCG","Thymus-790"
"CATGGCGAGAGAACAG","Thymus-790"
"CATGGCGAGAGCCCAA","Thymus-790"
"CATGGCGAGCTAACAA","Thymus-813"
"CATGGCGGTGCCTGCA","Thymus-790"
"CATGGCGGTTGACGTT","Thymus-814"
"CATGGCGGTTTGGCGC","Thymus-790"
"CATTATCCAATCGGTT","Thymus-790"
"CATTATCGTTACCAGT","Thymus-814"
"CATTATCTCAGGTAAA","Thymus-790"
"CCAATCCCACGGACAA","Thymus-814"
"CCAATCCGTAGCGTGA","Thymus-814"
"CCAATCCGTCATTAGC","Thymus-814"
"CCAATCCGTCTACCTC","Thymus-814"
"CCACCTACAAGCGTAG","Thymus-790"
"CCACCTACATTATCTC","Thymus-790"
"CCACCTAGTCCGCTGA","Thymus-790"
"CCACCTAGTGCACGAA","Thymus-790"
"CCACCTAGTGTGACCC","Thymus-790"
"CCACCTAGTTACGTCA","Thymus-790"
"CCACCTATCCGCGTTT","Thymus-790"
"CCACCTATCCTTAATC","Thymus-790"
"CCACGGAAGCTCTCGG","Thymus-814"
"CCACGGAGTGCGATAG","Thymus-813"
"CCACTACCATAAGACA","Thymus-790"
"CCACTACGTCGAATCT","Thymus-790"
"CCACTACGTCGCGAAA","Thymus-814"
"CCACTACGTTCGTTGA","Thymus-814"
"CCAGCGACAATCTACG","Thymus-790"
"CCAGCGACATTTCAGG","Thymus-814"
"CCAGCGAGTCAAAGAT","Thymus-814"
"CCAGCGAGTTGGAGGT","Thymus-790"
"CCAGCGATCAGCACAT","Thymus-790"
"CCAGCGATCGGTCTAA","Thymus-790"
"CCATGTCAGAATAGGG","Thymus-813"
"CCATGTCAGTGGAGTC","Thymus-814"
"CCATGTCCACATCTTT","Thymus-790"
"CCATGTCGTAGTACCT","Thymus-814"
"CCATGTCTCAGCGATT","Thymus-790"
"CCATTCGAGACCTTTG","Thymus-790"
"CCATTCGAGGAATTAC","Thymus-790"
"CCATTCGAGGCACATG","Thymus-790"
"CCATTCGAGTCATGCT","Thymus-790"
"CCATTCGCACCGAATT","Thymus-814"
"CCATTCGGTCTAAAGA","Thymus-790"
"CCATTCGTCAAAGTAG","Thymus-790"
"CCATTCGTCGAATCCA","Thymus-813"
"CCATTCGTCGGACAAG","Thymus-790"
"CCCAATCAGATGTTAG","Thymus-790"
"CCCAATCAGGCATTGG","Thymus-790"
"CCCAATCGTGGTACAG","Thymus-814"
"CCCAATCTCTGAGTGT","Thymus-814"
"CCCAATCTCTGATACG","Thymus-790"
"CCCAGTTCAGATGGCA","Thymus-790"
"CCCAGTTCATCAGTAC","Thymus-814"
"CCCAGTTGTTGTGGCC","Thymus-790"
"CCCATACAGAACTGTA","Thymus-790"
"CCCATACAGGCTATCT","Thymus-790"
"CCCATACGTGCTGTAT","Thymus-814"
"CCCTCCTAGCACGCCT","Thymus-814"
"CCCTCCTCACTGTCGG","Thymus-790"
"CCGGGATAGTTTGCGT","Thymus-814"
"CCGGGATCAAGCTGTT","Thymus-790"
"CCGGGATCACACATGT","Thymus-790"
"CCGGGATCACCACCAG","Thymus-814"
"CCGGGATCAGTCTTCC","Thymus-790"
"CCGGGATGTCCGCTGA","Thymus-790"
"CCGGGATTCTACGAGT","Thymus-814"
"CCGGTAGAGAATAGGG","Thymus-790"
"CCGGTAGAGGCCGAAT","Thymus-790"
"CCGGTAGAGTCAAGGC","Thymus-790"
"CCGGTAGCAGTATGCT","Thymus-814"
"CCGGTAGGTGAGTGAC","Thymus-814"
"CCGTACTAGATGTGTA","Thymus-814"
"CCGTACTCAAGGTTCT","Thymus-814"
"CCGTGGACAATGACCT","Thymus-790"
"CCGTGGAGTTGTGGAG","Thymus-790"
"CCGTGGATCATGTGGT","Thymus-814"
"CCGTGGATCCTAGAAC","Thymus-814"
"CCGTTCAAGCTGAAAT","Thymus-814"
"CCGTTCACATGCAACT","Thymus-790"
"CCGTTCAGTTACGACT","Thymus-813"
"CCGTTCATCCAGAAGG","Thymus-790"
"CCGTTCATCGGAGCAA","Thymus-790"
"CCTAAAGAGAATCTCC","Thymus-814"
"CCTAAAGTCACTCTTA","Thymus-814"
"CCTAAAGTCCACGCAG","Thymus-814"
"CCTACCAAGAGGTTAT","Thymus-790"
"CCTACCAGTCACCCAG","Thymus-814"
"CCTACCAGTGTTGGGA","Thymus-814"
"CCTACCATCCAAACTG","Thymus-790"
"CCTACCATCTTGACGA","Thymus-814"
"CCTAGCTAGCACCGCT","Thymus-790"
"CCTAGCTCAGGTTTCA","Thymus-790"
"CCTAGCTCATCAGTAC","Thymus-790"
"CCTAGCTGTAGCTAAA","Thymus-814"
"CCTAGCTGTCTCCATC","Thymus-814"
"CCTAGCTTCGTGGTCG","Thymus-814"
"CCTATTACATGAAGTA","Thymus-814"
"CCTATTAGTGAGCGAT","Thymus-790"
"CCTATTATCGCAGGCT","Thymus-790"
"CCTCAGTAGACTTTCG","Thymus-790"
"CCTCAGTAGCACCGTC","Thymus-790"
"CCTCAGTAGCACGCCT","Thymus-790"
"CCTCAGTCACGGCCAT","Thymus-814"
"CCTCAGTGTGACGCCT","Thymus-813"
"CCTCTGAAGGAGTTTA","Thymus-790"
"CCTCTGAAGGGCTTGA","Thymus-813"
"CCTCTGAAGTAATCCC","Thymus-790"
"CCTCTGAAGTGAAGTT","Thymus-790"
"CCTTACGCAATCAGAA","Thymus-790"
"CCTTACGCAATCTACG","Thymus-790"
"CCTTACGCAGTTTACG","Thymus-814"
"CCTTCCCAGTAGTGCG","Thymus-814"
"CCTTCCCCACACAGAG","Thymus-790"
"CCTTCCCCATCATCCC","Thymus-790"
"CCTTCGAGTGCACTTA","Thymus-790"
"CCTTCGATCGGCGCAT","Thymus-790"
"CCTTTCTAGAGTCTGG","Thymus-814"
"CCTTTCTCAGACGCAA","Thymus-814"
"CCTTTCTGTTACCAGT","Thymus-813"
"CGAACATAGACAAAGG","Thymus-814"
"CGAACATCAAACGCGA","Thymus-814"
"CGAATGTCATGTCGAT","Thymus-790"
"CGAATGTGTAGGCTGA","Thymus-790"
"CGAATGTTCAGCTGGC","Thymus-814"
"CGACCTTAGCGGATCA","Thymus-790"
"CGACCTTAGTTACGGG","Thymus-814"
"CGACCTTTCCTAAGTG","Thymus-813"
"CGACTTCGTGTGAATA","Thymus-790"
"CGACTTCTCTTAGAGC","Thymus-790"
"CGAGAAGAGACTAAGT","Thymus-814"
"CGAGAAGAGAGTCGGT","Thymus-790"
"CGAGAAGCATGCATGT","Thymus-790"
"CGAGAAGTCTGTCTAT","Thymus-814"
"CGAGCACAGCAGACTG","Thymus-790"
"CGAGCACAGGTGACCA","Thymus-790"
"CGAGCACCAGCTCCGA","Thymus-814"
"CGAGCACGTACTCAAC","Thymus-790"
"CGAGCACGTGATGCCC","Thymus-814"
"CGAGCACGTGTGGTTT","Thymus-790"
"CGAGCACTCACCCGAG","Thymus-814"
"CGAGCACTCGTACGGC","Thymus-790"
"CGAGCCAAGACACTAA","Thymus-790"
"CGAGCCAAGGGTCTCC","Thymus-814"
"CGAGCCAAGTGGGCTA","Thymus-790"
"CGAGCCACATCAGTCA","Thymus-814"
"CGAGCCACATGGGAAC","Thymus-790"
"CGATCGGCAGCTCCGA","Thymus-814"
"CGATCGGGTATATGGA","Thymus-814"
"CGATCGGTCACCGTAA","Thymus-790"
"CGATGGCAGTACTTGC","Thymus-814"
"CGATGTAAGACTACAA","Thymus-790"
"CGATGTAGTAAGTAGT","Thymus-814"
"CGATGTAGTACCGTTA","Thymus-814"
"CGATGTATCGCCGTGA","Thymus-814"
"CGATTGAAGATAGTCA","Thymus-790"
"CGATTGAAGATGTGGC","Thymus-813"
"CGATTGAAGCTTTGGT","Thymus-790"
"CGATTGATCCGTAGTA","Thymus-814"
"CGCCAAGAGATGTGTA","Thymus-790"
"CGCCAAGCAGAGTGTG","Thymus-790"
"CGCCAAGCAGCTATTG","Thymus-790"
"CGCCAAGTCAGCCTAA","Thymus-790"
"CGCGGTACACTACAGT","Thymus-790"
"CGCGGTAGTTCCACAA","Thymus-790"
"CGCGGTATCGCCAGCA","Thymus-814"
"CGCGGTATCGGACAAG","Thymus-814"
"CGCGTTTAGAAACCGC","Thymus-790"
"CGCGTTTAGAAACCTA","Thymus-813"
"CGCGTTTAGCGCTCCA","Thymus-790"
"CGCGTTTAGCTCCTTC","Thymus-790"
"CGCGTTTCAACGATCT","Thymus-814"
"CGCGTTTGTGATGTGG","Thymus-814"
"CGCGTTTGTGCCTGGT","Thymus-814"
"CGCGTTTTCATGTCCC","Thymus-790"
"CGCTATCGTCAGAAGC","Thymus-814"
"CGCTATCGTCGACTGC","Thymus-790"
"CGCTATCGTTCGGCAC","Thymus-814"
"CGCTGGATCAACGAAA","Thymus-813"
"CGCTTCAAGGAATTAC","Thymus-814"
"CGCTTCAAGGATGGTC","Thymus-814"
"CGCTTCAAGGGCACTA","Thymus-814"
"CGCTTCAAGTTGTAGA","Thymus-814"
"CGCTTCACAACTTGAC","Thymus-790"
"CGCTTCACACTTCTGC","Thymus-814"
"CGCTTCACAGCTGTTA","Thymus-790"
"CGCTTCAGTCCATCCT","Thymus-790"
"CGGACACAGCAGGCTA","Thymus-813"
"CGGACACCATTAACCG","Thymus-790"
"CGGACACGTCAAAGAT","Thymus-814"
"CGGACACGTTAAGGGC","Thymus-814"
"CGGACACTCCAGTATG","Thymus-790"
"CGGACACTCGAATCCA","Thymus-814"
"CGGACACTCTGATACG","Thymus-790"
"CGGACGTAGATGGCGT","Thymus-814"
"CGGACGTCATGGTTGT","Thymus-814"
"CGGACGTGTCTCAACA","Thymus-790"
"CGGACGTTCATCATTC","Thymus-813"
"CGGACTGAGACTCGGA","Thymus-790"
"CGGACTGAGTAGGTGC","Thymus-814"
"CGGACTGTCAATAAGG","Thymus-790"
"CGGACTGTCCGTCAAA","Thymus-790"
"CGGAGCTAGAGGTAGA","Thymus-790"
"CGGAGCTAGCCACGCT","Thymus-790"
"CGGAGCTCAGTCCTTC","Thymus-790"
"CGGAGCTGTAGCTCCG","Thymus-790"
"CGGAGCTTCCAAGCCG","Thymus-814"
"CGGCTAGGTGAGCGAT","Thymus-814"
"CGGGTCAAGTTAGGTA","Thymus-814"
"CGGGTCACACTGTGTA","Thymus-814"
"CGGGTCACAGTCGATT","Thymus-790"
"CGGGTCACATACTCTT","Thymus-814"
"CGGGTCATCACTCCTG","Thymus-790"
"CGGTTAAAGACCTTTG","Thymus-814"
"CGGTTAAAGATAGGAG","Thymus-790"
"CGGTTAACATTAACCG","Thymus-790"
"CGGTTAAGTGTAAGTA","Thymus-790"
"CGGTTAATCGTCCGTT","Thymus-790"
"CGTAGCGGTGTCAATC","Thymus-790"
"CGTAGCGTCTTAGCCC","Thymus-790"
"CGTAGGCCAAGACGTG","Thymus-790"
"CGTAGGCCAATAAGCA","Thymus-790"
"CGTAGGCGTAATCGTC","Thymus-790"
"CGTAGGCGTAGCCTCG","Thymus-814"
"CGTCACTAGAGGACGG","Thymus-814"
"CGTCACTAGGTGCAAC","Thymus-790"
"CGTCACTGTGAGTGAC","Thymus-790"
"CGTCACTTCCTACAGA","Thymus-790"
"CGTCAGGAGGCGACAT","Thymus-814"
"CGTCAGGGTCCAGTTA","Thymus-790"
"CGTCCATCAGGGTACA","Thymus-790"
"CGTCCATCATATGCTG","Thymus-814"
"CGTCCATGTCTGCAAT","Thymus-790"
"CGTCCATTCGCCTGAG","Thymus-814"
"CGTCCATTCGGGAGTA","Thymus-813"
"CGTCTACCAACGCACC","Thymus-790"
"CGTCTACCACTGCCAG","Thymus-814"
"CGTCTACGTCTTGTCC","Thymus-790"
"CGTCTACGTGGCTCCA","Thymus-814"
"CGTCTACTCTAACTGG","Thymus-814"
"CGTGAGCAGACTGTAA","Thymus-790"
"CGTGAGCCAGCCTGTG","Thymus-790"
"CGTGAGCCATGCGCAC","Thymus-814"
"CGTGAGCGTAAACGCG","Thymus-790"
"CGTGAGCTCCTCGCAT","Thymus-790"
"CGTGAGCTCTTGACGA","Thymus-813"
"CGTGTAAAGTTATCGC","Thymus-814"
"CGTGTAACAGCTCGAC","Thymus-814"
"CGTGTAACAGTCTTCC","Thymus-790"
"CGTGTAAGTACATCCA","Thymus-790"
"CGTGTAAGTCTGATCA","Thymus-790"
"CGTGTCTCAACACCCG","Thymus-790"
"CGTGTCTCACGAAGCA","Thymus-814"
"CGTGTCTGTCTTCGTC","Thymus-814"
"CGTGTCTGTGATGTGG","Thymus-814"
"CGTTAGAAGACTGTAA","Thymus-790"
"CGTTAGACAGGAATCG","Thymus-814"
"CGTTAGAGTGCGATAG","Thymus-814"
"CGTTAGATCGCCAAAT","Thymus-790"
"CGTTAGATCGTCCGTT","Thymus-790"
"CGTTAGATCTGCAAGT","Thymus-790"
"CGTTCTGAGAGCAATT","Thymus-790"
"CGTTCTGCACTTCTGC","Thymus-790"
"CGTTCTGGTTACGGAG","Thymus-790"
"CGTTCTGTCTCGGACG","Thymus-813"
"CGTTGGGAGAACAACT","Thymus-790"
"CGTTGGGAGAGGTTGC","Thymus-790"
"CGTTGGGAGGGCTTCC","Thymus-814"
"CGTTGGGTCTGGTTCC","Thymus-790"
"CTAACTTAGGGATCTG","Thymus-814"
"CTAACTTAGGTGCTTT","Thymus-790"
"CTAACTTCAATCCAAC","Thymus-790"
"CTAACTTTCTAAGCCA","Thymus-790"
"CTAAGACAGTACTTGC","Thymus-790"
"CTAAGACAGTGGAGTC","Thymus-790"
"CTAAGACCAGGCTCAC","Thymus-790"
"CTAAGACGTTCCACAA","Thymus-813"
"CTAAGACTCAAGCCTA","Thymus-790"
"CTAAGACTCGTTACGA","Thymus-790"
"CTAATGGGTGCTAGCC","Thymus-814"
"CTAATGGTCACAGGCC","Thymus-814"
"CTAATGGTCAGTGCAT","Thymus-790"
"CTAATGGTCATCTGTT","Thymus-790"
"CTACACCAGTCACGCC","Thymus-790"
"CTACACCGTGCCTTGG","Thymus-814"
"CTACACCGTTTAGCTG","Thymus-813"
"CTACACCTCTCAAACG","Thymus-814"
"CTACATTAGTTCCACA","Thymus-813"
"CTACATTCACGTCTCT","Thymus-814"
"CTACATTCAGTGGAGT","Thymus-814"
"CTACATTGTTTGGCGC","Thymus-790"
"CTACCCACAACTGCGC","Thymus-814"
"CTACCCACACAACGCC","Thymus-790"
"CTACCCATCCCGGATG","Thymus-814"
"CTACCCATCTTTACGT","Thymus-814"
"CTACGTCAGAAGGTGA","Thymus-814"
"CTACGTCCAAGGTGTG","Thymus-790"
"CTACGTCCACGGTAAG","Thymus-814"
"CTACGTCGTGGTTTCA","Thymus-790"
"CTACGTCGTTTAGCTG","Thymus-814"
"CTACGTCTCTTAGAGC","Thymus-790"
"CTAGAGTAGCTAAGAT","Thymus-814"
"CTAGAGTCACCATCCT","Thymus-790"
"CTAGAGTCAGCTTAAC","Thymus-790"
"CTAGAGTCATGGTCAT","Thymus-790"
"CTAGAGTTCCATTCTA","Thymus-813"
"CTAGAGTTCCTGCCAT","Thymus-790"
"CTAGCCTAGATGCGAC","Thymus-814"
"CTAGCCTAGCAGGTCA","Thymus-790"
"CTAGCCTAGCGATAGC","Thymus-790"
"CTAGCCTCATGCTAGT","Thymus-790"
"CTAGCCTGTAATCGTC","Thymus-814"
"CTAGCCTGTACATGTC","Thymus-814"
"CTAGTGACATGTCTCC","Thymus-814"
"CTAGTGATCCTTGGTC","Thymus-790"
"CTCACACAGTGACATA","Thymus-790"
"CTCACACCACAGCCCA","Thymus-790"
"CTCACACCATGCAATC","Thymus-814"
"CTCACACGTTAGTGGG","Thymus-790"
"CTCACACGTTCGCGAC","Thymus-790"
"CTCACACTCGTACCGG","Thymus-814"
"CTCAGAAAGGAGCGTT","Thymus-790"
"CTCAGAAGTAGAAGGA","Thymus-814"
"CTCAGAATCGAGAGCA","Thymus-814"
"CTCAGAATCGTCGTTC","Thymus-790"
"CTCAGAATCTCTAAGG","Thymus-814"
"CTCATTAGTACATCCA","Thymus-814"
"CTCATTAGTCTAGCCG","Thymus-814"
"CTCATTATCAATAAGG","Thymus-790"
"CTCATTATCACGACTA","Thymus-790"
"CTCATTATCCAGAAGG","Thymus-790"
"CTCCTAGAGAGGTTAT","Thymus-814"
"CTCCTAGAGGCCATAG","Thymus-790"
"CTCCTAGAGGGAAACA","Thymus-790"
"CTCCTAGAGTGGACGT","Thymus-814"
"CTCCTAGGTCGAGTTT","Thymus-814"
"CTCCTAGTCAACCATG","Thymus-814"
"CTCCTAGTCACGAAGG","Thymus-790"
"CTCGAAAAGCAACGGT","Thymus-814"
"CTCGAAAAGGAATTAC","Thymus-814"
"CTCGAAAGTACACCGC","Thymus-814"
"CTCGAAAGTTGCTCCT","Thymus-790"
"CTCGAGGGTAACGTTC","Thymus-814"
"CTCGAGGGTTCCACGG","Thymus-814"
"CTCGAGGTCCTTGCCA","Thymus-790"
"CTCGGAGAGGCATTGG","Thymus-790"
"CTCGGAGCAGCTCGCA","Thymus-790"
"CTCGGAGCATTGTGCA","Thymus-790"
"CTCGGAGGTTTCGCTC","Thymus-790"
"CTCGGAGTCCAACCAA","Thymus-790"
"CTCGGGAAGAATGTTG","Thymus-790"
"CTCGGGAAGTGTGAAT","Thymus-790"
"CTCGGGAAGTTTAGGA","Thymus-814"
"CTCGGGACATGTCGAT","Thymus-790"
"CTCGTACAGTCTCGGC","Thymus-814"
"CTCGTACAGTGGTAGC","Thymus-814"
"CTCGTACTCGAATGGG","Thymus-790"
"CTCGTCAAGGAATCGC","Thymus-790"
"CTCGTCACAAGTCTAC","Thymus-790"
"CTCGTCACATCTACGA","Thymus-790"
"CTCGTCAGTTGCGCAC","Thymus-814"
"CTCGTCAGTTTGACAC","Thymus-814"
"CTCGTCATCCTGTAGA","Thymus-790"
"CTCGTCATCGTACGGC","Thymus-814"
"CTCTAATAGCGCCTTG","Thymus-814"
"CTCTAATAGCGTGAAC","Thymus-814"
"CTCTAATCATGGATGG","Thymus-790"
"CTCTAATGTCCTAGCG","Thymus-790"
"CTCTAATTCGCCATAA","Thymus-790"
"CTCTAATTCGGGAGTA","Thymus-814"
"CTCTACGCACGGACAA","Thymus-790"
"CTCTACGCACGGTTTA","Thymus-814"
"CTCTACGCATGGTCTA","Thymus-814"
"CTCTACGGTAGATTAG","Thymus-790"
"CTCTACGGTATGAAAC","Thymus-790"
"CTCTACGGTCTCCACT","Thymus-790"
"CTCTACGGTGAGTATA","Thymus-790"
"CTCTACGTCACAATGC","Thymus-790"
"CTCTACGTCGAATGGG","Thymus-790"
"CTCTGGTCAAATTGCC","Thymus-814"
"CTCTGGTCAAGTAATG","Thymus-790"
"CTCTGGTGTATGGTTC","Thymus-814"
"CTCTGGTGTCCAAGTT","Thymus-814"
"CTCTGGTTCTTCGAGA","Thymus-790"
"CTGAAACCATTAACCG","Thymus-814"
"CTGAAACTCCATTCTA","Thymus-814"
"CTGAAGTGTCTCTCGT","Thymus-790"
"CTGAAGTGTTTGTGTG","Thymus-790"
"CTGATAGAGAGACTTA","Thymus-814"
"CTGATAGAGCTGTCTA","Thymus-813"
"CTGATAGAGGTTACCT","Thymus-814"
"CTGATAGCAGCTGGCT","Thymus-790"
"CTGATAGTCCTCGCAT","Thymus-813"
"CTGATCCAGATAGGAG","Thymus-814"
"CTGATCCTCAGCTCTC","Thymus-814"
"CTGATCCTCCACGACG","Thymus-813"
"CTGCCTACACTTGGAT","Thymus-790"
"CTGCCTAGTCCCTTGT","Thymus-813"
"CTGCCTAGTGCAGTAG","Thymus-790"
"CTGCCTATCACCCTCA","Thymus-814"
"CTGCCTATCATCGGAT","Thymus-814"
"CTGCCTATCGGACAAG","Thymus-814"
"CTGCCTATCTATCGCC","Thymus-790"
"CTGCCTATCTCGTATT","Thymus-814"
"CTGCGGAAGATCGATA","Thymus-814"
"CTGCGGACAAACGCGA","Thymus-790"
"CTGCGGACAGCTGCTG","Thymus-814"
"CTGCGGAGTATTAGCC","Thymus-790"
"CTGCGGAGTCATTAGC","Thymus-790"
"CTGCGGATCCAAACAC","Thymus-790"
"CTGCTGTCACAAGACG","Thymus-814"
"CTGCTGTCACAAGCCC","Thymus-790"
"CTGCTGTGTACCAGTT","Thymus-814"
"CTGCTGTGTGTTGGGA","Thymus-814"
"CTGCTGTTCATAGCAC","Thymus-790"
"CTGCTGTTCGGCATCG","Thymus-814"
"CTGCTGTTCTATCGCC","Thymus-790"
"CTGGTCTAGCAGATCG","Thymus-814"
"CTGGTCTAGGCTCAGA","Thymus-790"
"CTGGTCTTCGTTGCCT","Thymus-790"
"CTGTGCTCAATACGCT","Thymus-790"
"CTGTGCTCACGGATAG","Thymus-814"
"CTGTGCTGTGCCTGGT","Thymus-790"
"CTGTTTAAGAAAGTGG","Thymus-813"
"CTGTTTAAGACATAAC","Thymus-813"
"CTGTTTAAGCCCTAAT","Thymus-790"
"CTGTTTACAACGATCT","Thymus-790"
"CTGTTTACAAGAAGAG","Thymus-790"
"CTGTTTACAGGATCGA","Thymus-814"
"CTGTTTAGTGACCAAG","Thymus-790"
"CTGTTTATCAGTTGAC","Thymus-790"
"CTGTTTATCCGTCATC","Thymus-790"
"CTGTTTATCTCGCATC","Thymus-790"
"CTTAACTCAGACAGGT","Thymus-813"
"CTTAACTCAGTTCCCT","Thymus-813"
"CTTAACTGTCGTCTTC","Thymus-814"
"CTTAACTGTTCAACCA","Thymus-813"
"CTTAACTTCATTGCCC","Thymus-790"
"CTTACCGAGCGACGTA","Thymus-814"
"CTTACCGAGGTTCCTA","Thymus-814"
"CTTACCGCACGAAATA","Thymus-814"
"CTTACCGTCCGCAGTG","Thymus-790"
"CTTACCGTCGTGACAT","Thymus-814"
"CTTAGGAGTGTATGGG","Thymus-790"
"CTTCTCTAGTAGATGT","Thymus-790"
"CTTCTCTCACGGACAA","Thymus-790"
"CTTCTCTCAGGTCGTC","Thymus-790"
"CTTCTCTTCACGGTTA","Thymus-790"
"CTTCTCTTCCCTTGCA","Thymus-814"
"CTTGGCTAGAATAGGG","Thymus-790"
"CTTGGCTAGTTAAGTG","Thymus-790"
"CTTGGCTCACAGACTT","Thymus-790"
"CTTGGCTGTCGAGTTT","Thymus-790"
"CTTTGCGAGACTGTAA","Thymus-790"
"CTTTGCGAGCCCTAAT","Thymus-790"
"CTTTGCGAGTGCGATG","Thymus-814"
"CTTTGCGCATTGCGGC","Thymus-814"
"CTTTGCGGTCAAAGAT","Thymus-790"
"GAAACTCAGAAGGTGA","Thymus-814"
"GAAACTCCAGCTCCGA","Thymus-814"
"GAAACTCGTACAGACG","Thymus-790"
"GAAACTCGTAGGCTGA","Thymus-814"
"GAAACTCTCTGCGGCA","Thymus-814"
"GAAATGACACAGCCCA","Thymus-790"
"GAAATGAGTATTCTCT","Thymus-790"
"GAAATGATCTGATACG","Thymus-790"
"GAACATCAGATATGCA","Thymus-790"
"GAACATCAGGTGTTAA","Thymus-814"
"GAACATCAGTCGTTTG","Thymus-790"
"GAACATCAGTTACGGG","Thymus-814"
"GAACATCCAGGGTATG","Thymus-790"
"GAACATCCATCACAAC","Thymus-814"
"GAACATCGTAGCAAAT","Thymus-814"
"GAACATCGTGCTAGCC","Thymus-790"
"GAACATCGTTCGGGCT","Thymus-814"
"GAACATCTCGTTACGA","Thymus-790"
"GAACCTAAGCCACGCT","Thymus-790"
"GAACCTAAGTGGGCTA","Thymus-790"
"GAACCTACAGCATACT","Thymus-790"
"GAACCTACAGGCAGTA","Thymus-790"
"GAACCTAGTACGCTGC","Thymus-790"
"GAACCTAGTAGCCTCG","Thymus-814"
"GAACCTAGTAGGGTAC","Thymus-814"
"GAACCTAGTCTCACCT","Thymus-790"
"GAACCTATCCAATGGT","Thymus-790"
"GAACGGAAGTTCGATC","Thymus-814"
"GAACGGACAAGAAGAG","Thymus-790"
"GAACGGACACAACTGT","Thymus-790"
"GAACGGAGTTAGGGTG","Thymus-814"
"GAAGCAGAGCTCCTTC","Thymus-813"
"GAAGCAGTCAACGAAA","Thymus-814"
"GAAGCAGTCACGACTA","Thymus-814"
"GAAGCAGTCGTGGACC","Thymus-790"
"GAATAAGAGAGCTTCT","Thymus-790"
"GAATAAGCAATGAATG","Thymus-790"
"GAATAAGCACGGTTTA","Thymus-814"
"GAATAAGCACGTGAGA","Thymus-814"
"GAATAAGCATGACATC","Thymus-790"
"GAATAAGGTAGTAGTA","Thymus-814"
"GAATGAAAGTGAAGAG","Thymus-790"
"GAATGAACAGTGACAG","Thymus-813"
"GAATGAAGTCAGAGGT","Thymus-790"
"GAATGAAGTCGGCATC","Thymus-790"
"GAATGAAGTGGTGTAG","Thymus-814"
"GAATGAAGTGTCGCTG","Thymus-790"
"GAATGAATCTGCAAGT","Thymus-790"
"GACACGCAGTTCGATC","Thymus-814"
"GACACGCCAAAGGCGT","Thymus-814"
"GACACGCGTGTGGCTC","Thymus-790"
"GACAGAGAGATCCGAG","Thymus-790"
"GACAGAGGTCGGCATC","Thymus-814"
"GACAGAGGTTACGTCA","Thymus-814"
"GACAGAGGTTCAACCA","Thymus-814"
"GACAGAGGTTTGCATG","Thymus-814"
"GACAGAGTCCTACAGA","Thymus-790"
"GACCAATGTAGAAAGG","Thymus-814"
"GACCTGGAGAGTAATC","Thymus-790"
"GACCTGGAGATGTCGG","Thymus-790"
"GACCTGGCATCACCCT","Thymus-814"
"GACCTGGGTTGATTGC","Thymus-814"
"GACGCGTAGGCCCTCA","Thymus-814"
"GACGCGTCACCAGGTC","Thymus-790"
"GACGCGTGTACGCTGC","Thymus-790"
"GACGCGTTCACAGGCC","Thymus-790"
"GACGGCTGTTCGGGCT","Thymus-814"
"GACGTGCAGCTGCAAG","Thymus-813"
"GACGTGCTCCAGTAGT","Thymus-790"
"GACGTGCTCGAATGCT","Thymus-790"
"GACGTTAAGAACTGTA","Thymus-814"
"GACGTTAAGAGATGAG","Thymus-790"
"GACGTTACACCGATAT","Thymus-814"
"GACGTTACACGCTTTC","Thymus-814"
"GACGTTACAGTCAGCC","Thymus-790"
"GACGTTAGTGGTGTAG","Thymus-790"
"GACGTTAGTGTGACGA","Thymus-790"
"GACGTTATCCCTTGTG","Thymus-814"
"GACTAACTCTGGTATG","Thymus-790"
"GACTACACAACAACCT","Thymus-814"
"GACTACAGTGTAATGA","Thymus-790"
"GACTACAGTTGAACTC","Thymus-814"
"GACTACATCCCTCAGT","Thymus-814"
"GACTGCGCAAGCGCTC","Thymus-790"
"GACTGCGGTACTTAGC","Thymus-790"
"GAGCAGAAGTTACCCA","Thymus-814"
"GAGCAGACACTCTGTC","Thymus-790"
"GAGCAGACAGATGGGT","Thymus-813"
"GAGCAGAGTCATTAGC","Thymus-814"
"GAGCAGATCCACGTGG","Thymus-790"
"GAGGTGAAGGCAGTCA","Thymus-790"
"GAGGTGACATGTCTCC","Thymus-814"
"GAGGTGAGTTCAGACT","Thymus-790"
"GAGGTGAGTTCGTGAT","Thymus-790"
"GAGTCCGAGATCCTGT","Thymus-790"
"GAGTCCGAGCTCTCGG","Thymus-814"
"GAGTCCGCAGCGTAAG","Thymus-814"
"GAGTCCGCAGTCGTGC","Thymus-814"
"GAGTCCGGTTTGTTTC","Thymus-814"
"GATCAGTAGAGGGCTT","Thymus-814"
"GATCAGTAGCTAACTC","Thymus-790"
"GATCAGTGTTAAGGGC","Thymus-790"
"GATCAGTTCTGCAGTA","Thymus-814"
"GATCGATAGACAGACC","Thymus-790"
"GATCGATAGTAGCGGT","Thymus-790"
"GATCGATAGTGCCATT","Thymus-790"
"GATCGATCATCTCCCA","Thymus-790"
"GATCGATGTTGTCTTT","Thymus-814"
"GATCGATTCTACTATC","Thymus-814"
"GATCGATTCTATCCTA","Thymus-814"
"GATCGATTCTTTCCTC","Thymus-814"
"GATCGCGCAGGTTTCA","Thymus-790"
"GATCGCGCATACTCTT","Thymus-814"
"GATCGCGGTCACACGC","Thymus-790"
"GATCGCGGTCGCGAAA","Thymus-790"
"GATCGCGGTTAGTGGG","Thymus-814"
"GATCGCGTCTTTAGGG","Thymus-814"
"GATCGTAAGGTACTCT","Thymus-790"
"GATCGTAAGTGAATTG","Thymus-814"
"GATCGTACAACGCACC","Thymus-790"
"GATCGTACAAGCCCAC","Thymus-790"
"GATCGTACAGGTGGAT","Thymus-814"
"GATCGTACATGTTCCC","Thymus-790"
"GATCGTATCACGCGGT","Thymus-814"
"GATCGTATCAGTGCAT","Thymus-814"
"GATCGTATCGGTGTCG","Thymus-814"
"GATCGTATCGTGACAT","Thymus-790"
"GATCTAGCAAGTAATG","Thymus-790"
"GATCTAGCAGATAATG","Thymus-790"
"GATCTAGCAGGAATCG","Thymus-813"
"GATCTAGTCCGGGTGT","Thymus-790"
"GATGAAAGTTCCATGA","Thymus-814"
"GATGAGGGTAACGACG","Thymus-814"
"GATGAGGGTCTTTCAT","Thymus-814"
"GATGCTACAATAGCAA","Thymus-790"
"GATGCTACACGGCCAT","Thymus-814"
"GATGCTAGTAGCGCTC","Thymus-790"
"GATGCTAGTCACCTAA","Thymus-814"
"GATTCAGAGAGACTAT","Thymus-790"
"GATTCAGAGTCCCACG","Thymus-814"
"GATTCAGAGTTAGGTA","Thymus-814"
"GATTCAGCAATAAGCA","Thymus-790"
"GATTCAGCATCACCCT","Thymus-790"
"GATTCAGGTATATCCG","Thymus-790"
"GATTCAGGTATGGTTC","Thymus-790"
"GATTCAGTCAACACGT","Thymus-813"
"GATTCAGTCGTCTGAA","Thymus-790"
"GATTCAGTCGTTACGA","Thymus-790"
"GCAAACTCAAAGCAAT","Thymus-790"
"GCAAACTCAATAGCAA","Thymus-814"
"GCAAACTTCCGTCAAA","Thymus-790"
"GCAATCAAGAGCTATA","Thymus-814"
"GCAATCATCCACGCAG","Thymus-790"
"GCACATACACTTCGAA","Thymus-814"
"GCACATAGTGTTCGAT","Thymus-790"
"GCACATATCGGACAAG","Thymus-790"
"GCACTCTAGAAGATTC","Thymus-790"
"GCACTCTTCGACAGCC","Thymus-813"
"GCAGCCACATCCGCGA","Thymus-814"
"GCAGCCAGTCTCATCC","Thymus-814"
"GCAGCCATCTCCTATA","Thymus-790"
"GCAGTTAAGACTCGGA","Thymus-814"
"GCAGTTAAGAGTAATC","Thymus-814"
"GCAGTTAAGCCTATGT","Thymus-814"
"GCAGTTAAGGCCATAG","Thymus-790"
"GCATACAAGCTGATAA","Thymus-814"
"GCATACAAGTTTGCGT","Thymus-814"
"GCATGATCACACCGCA","Thymus-790"
"GCATGATCAGTAACGG","Thymus-790"
"GCATGCGAGTGGGCTA","Thymus-790"
"GCATGCGCAATCGAAA","Thymus-790"
"GCATGCGCACCTGGTG","Thymus-790"
"GCATGCGCAGCGATCC","Thymus-790"
"GCATGCGTCGTACCGG","Thymus-814"
"GCATGTAAGCCTATGT","Thymus-790"
"GCATGTACATCTATGG","Thymus-790"
"GCATGTATCTGAGGGA","Thymus-790"
"GCCAAATCACATTCGA","Thymus-814"
"GCCAAATCACCTCGGA","Thymus-790"
"GCCAAATCACGCCAGT","Thymus-790"
"GCCAAATCACTACAGT","Thymus-814"
"GCCAAATCAGCGTTCG","Thymus-790"
"GCCAAATGTCTTCTCG","Thymus-790"
"GCCAAATGTGTGTGCC","Thymus-814"
"GCCTCTAAGATGCCAG","Thymus-790"
"GCCTCTAGTACGCACC","Thymus-814"
"GCGACCAAGCAGCGTA","Thymus-790"
"GCGACCAAGGTTCCTA","Thymus-790"
"GCGACCACAACACGCC","Thymus-813"
"GCGACCACACGGTGTC","Thymus-814"
"GCGACCAGTCTCCACT","Thymus-790"
"GCGACCAGTTGTACAC","Thymus-790"
"GCGAGAACAGTCAGAG","Thymus-814"
"GCGAGAAGTTTAGCTG","Thymus-814"
"GCGAGAATCTCTTGAT","Thymus-790"
"GCGAGAATCTTCCTTC","Thymus-790"
"GCGCAACAGTCGTTTG","Thymus-814"
"GCGCAACGTGTTGAGG","Thymus-814"
"GCGCAACTCGAATGCT","Thymus-813"
"GCGCAGTAGTCCAGGA","Thymus-790"
"GCGCAGTCAACTGGCC","Thymus-814"
"GCGCAGTGTACGAAAT","Thymus-814"
"GCGCCAAAGTCAAGCG","Thymus-814"
"GCGCCAAGTATATGGA","Thymus-790"
"GCGCCAAGTCATATCG","Thymus-814"
"GCGCCAATCATGTAGC","Thymus-790"
"GCGCGATAGGATGTAT","Thymus-790"
"GCGCGATCATATGAGA","Thymus-790"
"GCGCGATGTCAGAAGC","Thymus-790"
"GCGCGATGTTAAAGTG","Thymus-790"
"GCGCGATTCCGTTGTC","Thymus-790"
"GCGCGATTCTAACTTC","Thymus-790"
"GCGGGTTAGTAGCCGA","Thymus-814"
"GCGGGTTAGTATGACA","Thymus-814"
"GCGGGTTAGTTAACGA","Thymus-814"
"GCGGGTTCAAGTAATG","Thymus-790"
"GCGGGTTCACAGGCCT","Thymus-814"
"GCGGGTTTCGTCACGG","Thymus-790"
"GCTCCTAAGAGAACAG","Thymus-813"
"GCTCCTACAGCTGTTA","Thymus-814"
"GCTCCTACAGGCTCAC","Thymus-814"
"GCTCCTACAGGTCCAC","Thymus-790"
"GCTCCTATCGGATGGA","Thymus-814"
"GCTCTGTCATGCATGT","Thymus-790"
"GCTCTGTGTAGCTAAA","Thymus-814"
"GCTCTGTTCCCTCTTT","Thymus-813"
"GCTCTGTTCGAATCCA","Thymus-790"
"GCTGCAGAGGCACATG","Thymus-790"
"GCTGCAGCAGCATGAG","Thymus-813"
"GCTGCAGCATTCACTT","Thymus-790"
"GCTGCAGGTCAAACTC","Thymus-814"
"GCTGCAGGTCTGATTG","Thymus-813"
"GCTGCAGTCCGCATAA","Thymus-790"
"GCTGCGAAGATGTGTA","Thymus-790"
"GCTGCGAAGTCATCCA","Thymus-814"
"GCTGCGACAAGTTAAG","Thymus-790"
"GCTGCGACACAGACTT","Thymus-814"
"GCTGCGACACGCTTTC","Thymus-790"
"GCTGCGATCACCTTAT","Thymus-814"
"GCTGCGATCAGCAACT","Thymus-790"
"GCTGCGATCGACGGAA","Thymus-790"
"GCTGCTTAGAAACCGC","Thymus-790"
"GCTGCTTCAGACGTAG","Thymus-814"
"GCTGCTTGTAGCTAAA","Thymus-790"
"GCTGCTTGTCCTCTTG","Thymus-790"
"GCTGCTTTCAACACTG","Thymus-814"
"GCTGGGTAGCAAATCA","Thymus-814"
"GCTGGGTCACCCAGTG","Thymus-790"
"GCTGGGTGTGATAAGT","Thymus-790"
"GCTGGGTGTTCCACAA","Thymus-790"
"GCTGGGTTCCAGTAGT","Thymus-790"
"GCTGGGTTCTCGATGA","Thymus-790"
"GCTTCCAAGATGCCTT","Thymus-814"
"GCTTCCAAGTAGATGT","Thymus-790"
"GCTTCCAAGTGCGATG","Thymus-790"
"GCTTCCAGTTCGGCAC","Thymus-814"
"GCTTGAAAGAAACGCC","Thymus-814"
"GCTTGAAAGTCGATAA","Thymus-790"
"GCTTGAACATCCGGGT","Thymus-814"
"GCTTGAAGTGCAGGTA","Thymus-814"
"GCTTGAAGTTATGCGT","Thymus-814"
"GCTTGAATCCTTCAAT","Thymus-790"
"GCTTGAATCTCTGAGA","Thymus-790"
"GGAAAGCAGGACACCA","Thymus-813"
"GGAAAGCGTACTCTCC","Thymus-814"
"GGAAAGCTCCGTCATC","Thymus-814"
"GGAACTTAGCGCTCCA","Thymus-814"
"GGAACTTAGGCATTGG","Thymus-790"
"GGAACTTAGGGTTTCT","Thymus-814"
"GGAATAACAGCCACCA","Thymus-790"
"GGAATAAGTATGAAAC","Thymus-814"
"GGAATAATCTGTGCAA","Thymus-790"
"GGACAGAAGTCTCAAC","Thymus-813"
"GGACAGAGTCTCTCTG","Thymus-813"
"GGACAGAGTTCTCATT","Thymus-790"
"GGACAGATCAAACCGT","Thymus-814"
"GGACATTAGAGTGAGA","Thymus-814"
"GGACATTAGTATCGAA","Thymus-790"
"GGACATTGTCAGATAA","Thymus-813"
"GGACATTTCCGGGTGT","Thymus-790"
"GGACGTCAGATATACG","Thymus-790"
"GGACGTCAGCGACGTA","Thymus-814"
"GGACGTCCAACGCACC","Thymus-813"
"GGACGTCCAATTCCTT","Thymus-814"
"GGACGTCCAGCTCGCA","Thymus-814"
"GGACGTCCATAGAAAC","Thymus-790"
"GGAGCAAAGCCTTGAT","Thymus-790"
"GGAGCAACACTGTCGG","Thymus-790"
"GGAGCAATCGCAGGCT","Thymus-790"
"GGATGTTCAAGCGTAG","Thymus-814"
"GGATTACAGATAGCAT","Thymus-814"
"GGATTACAGCGGCTTC","Thymus-814"
"GGATTACAGGTGCTAG","Thymus-790"
"GGATTACAGTCAAGCG","Thymus-814"
"GGATTACCAGACAGGT","Thymus-814"
"GGATTACTCAGCGATT","Thymus-813"
"GGCAATTCAAGGACTG","Thymus-814"
"GGCCGATGTCATACTG","Thymus-790"
"GGCCGATGTCTAAAGA","Thymus-814"
"GGCCGATTCAGGATCT","Thymus-790"
"GGCCGATTCTTTAGTC","Thymus-790"
"GGCGACTAGAGACTTA","Thymus-790"
"GGCGACTAGCTATGCT","Thymus-790"
"GGCGACTCACATCCGG","Thymus-790"
"GGCGACTCATGGTCTA","Thymus-814"
"GGCGACTGTTGATTCG","Thymus-814"
"GGCGACTTCATGTCTT","Thymus-790"
"GGCGTGTCACGGTAGA","Thymus-790"
"GGCGTGTGTTGGTGGA","Thymus-790"
"GGCGTGTTCCTATGTT","Thymus-790"
"GGCGTGTTCTGATACG","Thymus-790"
"GGCTCGAAGACGCACA","Thymus-790"
"GGCTCGACAAAGGCGT","Thymus-790"
"GGCTGGTAGATATGGT","Thymus-790"
"GGCTGGTCACGCTTTC","Thymus-814"
"GGCTGGTCATGTCTCC","Thymus-790"
"GGCTGGTTCAACACTG","Thymus-813"
"GGCTGGTTCTTGCATT","Thymus-814"
"GGGAATGAGCACACAG","Thymus-790"
"GGGAATGCAAGCGTAG","Thymus-814"
"GGGAATGGTAGCACGA","Thymus-814"
"GGGACCTAGCTCTCGG","Thymus-814"
"GGGACCTAGGTCATCT","Thymus-814"
"GGGACCTCACATTTCT","Thymus-790"
"GGGACCTGTACCTACA","Thymus-790"
"GGGACCTGTGTTAAGA","Thymus-790"
"GGGAGATGTATGAATG","Thymus-790"
"GGGAGATGTTCTCATT","Thymus-790"
"GGGAGATTCGCCCTTA","Thymus-814"
"GGGATGAAGGAGCGAG","Thymus-814"
"GGGATGACAGAAGCAC","Thymus-814"
"GGGATGAGTTTGCATG","Thymus-790"
"GGGCACTAGCAGGTCA","Thymus-790"
"GGGCACTAGCCATCGC","Thymus-814"
"GGGCACTAGCGCCTTG","Thymus-813"
"GGGCACTCATGGTAGG","Thymus-814"
"GGGCACTGTAATAGCA","Thymus-814"
"GGGCACTGTAGCTAAA","Thymus-790"
"GGGCATCAGCCCTAAT","Thymus-790"
"GGGCATCAGGGCTCTC","Thymus-790"
"GGGCATCCATTACGAC","Thymus-790"
"GGGCATCGTGTGACGA","Thymus-814"
"GGGCATCTCCGCAGTG","Thymus-813"
"GGGCATCTCTTAGCCC","Thymus-814"
"GGGTCTGCACAACGTT","Thymus-790"
"GGGTCTGCACGACGAA","Thymus-790"
"GGGTCTGGTCATTAGC","Thymus-814"
"GGGTCTGGTGAGGGAG","Thymus-790"
"GGGTCTGGTTATCACG","Thymus-814"
"GGGTCTGGTTATCCGA","Thymus-790"
"GGGTCTGTCATTTGGG","Thymus-813"
"GGGTCTGTCTAACCGA","Thymus-814"
"GGGTTGCAGTACATGA","Thymus-790"
"GGGTTGCCACACCGAC","Thymus-790"
"GGGTTGCCATTAGGCT","Thymus-814"
"GGGTTGCGTGCTCTTC","Thymus-790"
"GGGTTGCTCTAGCACA","Thymus-790"
"GGTATTGAGTGTACCT","Thymus-814"
"GGTATTGCACCACCAG","Thymus-790"
"GGTATTGCAGTGGAGT","Thymus-790"
"GGTATTGCATCTCGCT","Thymus-814"
"GGTATTGGTGTGGTTT","Thymus-790"
"GGTGAAGGTCACCTAA","Thymus-790"
"GGTGAAGGTTCGGCAC","Thymus-814"
"GGTGCGTAGATGTGGC","Thymus-790"
"GGTGCGTCACTAGTAC","Thymus-814"
"GGTGCGTGTCGACTAT","Thymus-814"
"GGTGCGTTCTGTCCGT","Thymus-814"
"GGTGTTACACAGGTTT","Thymus-814"
"GGTGTTACACAGTCGC","Thymus-814"
"GGTGTTACAGCCAATT","Thymus-814"
"GGTGTTAGTTACTGAC","Thymus-814"
"GGTGTTATCCAAGCCG","Thymus-814"
"GGTGTTATCCCTTGTG","Thymus-790"
"GTAACGTAGTGTCCCG","Thymus-814"
"GTAACGTCATCCGCGA","Thymus-790"
"GTAACTGAGTTGCAGG","Thymus-814"
"GTAACTGTCCTGTAGA","Thymus-790"
"GTAACTGTCCTTTCTC","Thymus-813"
"GTAACTGTCGATAGAA","Thymus-790"
"GTACGTAAGCAGCGTA","Thymus-814"
"GTACGTATCAATCTCT","Thymus-790"
"GTACTCCAGCAAATCA","Thymus-790"
"GTACTCCTCCCTTGTG","Thymus-814"
"GTACTCCTCGTGGACC","Thymus-813"
"GTACTTTAGAGCTGCA","Thymus-790"
"GTACTTTAGTGGTAGC","Thymus-814"
"GTACTTTAGTTAGGTA","Thymus-790"
"GTACTTTCACGGACAA","Thymus-790"
"GTACTTTCATTGTGCA","Thymus-814"
"GTACTTTGTCTCATCC","Thymus-790"
"GTACTTTGTGAGTGAC","Thymus-814"
"GTAGGCCCATAACCTG","Thymus-813"
"GTAGGCCGTAAGGGCT","Thymus-790"
"GTAGGCCGTAGCGTAG","Thymus-790"
"GTAGGCCTCTCCAACC","Thymus-790"
"GTAGTCAAGAGTAATC","Thymus-790"
"GTAGTCAAGGGTGTGT","Thymus-790"
"GTAGTCAAGTTATCGC","Thymus-790"
"GTAGTCACACAGTCGC","Thymus-790"
"GTAGTCAGTTGTCTTT","Thymus-814"
"GTATCTTAGCCTCGTG","Thymus-814"
"GTATCTTAGCGCCTTG","Thymus-790"
"GTATCTTTCATGCAAC","Thymus-790"
"GTATCTTTCGAGGTAG","Thymus-814"
"GTATCTTTCTTAGCCC","Thymus-790"
"GTATTCTAGATCACGG","Thymus-790"
"GTATTCTCAGTGACAG","Thymus-814"
"GTATTCTGTTATCACG","Thymus-790"
"GTATTCTTCCTTAATC","Thymus-814"
"GTATTCTTCTACCTGC","Thymus-790"
"GTCAAGTTCAAGCCTA","Thymus-790"
"GTCACAACATTTCACT","Thymus-790"
"GTCACAAGTTCGTCTC","Thymus-814"
"GTCACAATCCTACAGA","Thymus-790"
"GTCACAATCGGAAACG","Thymus-790"
"GTCACGGTCTACTATC","Thymus-814"
"GTCACGGTCTATGTGG","Thymus-814"
"GTCATTTGTAGCGCTC","Thymus-790"
"GTCATTTGTTCCACTC","Thymus-790"
"GTCATTTGTTCTGGTA","Thymus-790"
"GTCCTCACAAAGCGGT","Thymus-813"
"GTCCTCAGTACACCGC","Thymus-790"
"GTCCTCATCACAGTAC","Thymus-790"
"GTCGGGTGTTCCCGAG","Thymus-814"
"GTCGTAAAGAGGACGG","Thymus-814"
"GTCGTAAAGCGCCTTG","Thymus-814"
"GTCGTAAAGGATCGCA","Thymus-813"
"GTCGTAAAGGGCATGT","Thymus-790"
"GTCGTAACAGCATGAG","Thymus-790"
"GTCGTAACAGTATGCT","Thymus-790"
"GTCGTAAGTTCCATGA","Thymus-814"
"GTCGTAATCCACGACG","Thymus-814"
"GTCGTAATCTTCGGTC","Thymus-790"
"GTCTCGTAGTTGAGAT","Thymus-813"
"GTCTCGTCAAAGCAAT","Thymus-814"
"GTCTCGTTCATGCAAC","Thymus-790"
"GTCTCGTTCCAGATCA","Thymus-790"
"GTCTCGTTCCGTCAAA","Thymus-790"
"GTCTCGTTCGTACGGC","Thymus-814"
"GTCTTCGCAGCTCCGA","Thymus-813"
"GTCTTCGTCCCGACTT","Thymus-790"
"GTGAAGGCAGGACCCT","Thymus-814"
"GTGAAGGCATCACCCT","Thymus-814"
"GTGAAGGGTTGCTCCT","Thymus-790"
"GTGCAGCAGATGCCAG","Thymus-790"
"GTGCAGCGTGCCTTGG","Thymus-790"
"GTGCAGCTCGCCCTTA","Thymus-814"
"GTGCATAAGAAGATTC","Thymus-814"
"GTGCATAAGGTCATCT","Thymus-790"
"GTGCATATCACGCGGT","Thymus-814"
"GTGCATATCATGGTCA","Thymus-790"
"GTGCATATCTACCTGC","Thymus-814"
"GTGCGGTAGCGTCTAT","Thymus-790"
"GTGCGGTCAAAGTCAA","Thymus-790"
"GTGCGGTCAGGCGATA","Thymus-790"
"GTGCGGTGTTCGTTGA","Thymus-814"
"GTGCGGTTCAGATAAG","Thymus-814"
"GTGCGGTTCAGGTAAA","Thymus-790"
"GTGCGGTTCCGCGTTT","Thymus-790"
"GTGCTTCCAATGGTCT","Thymus-814"
"GTGCTTCCATCCCATC","Thymus-790"
"GTGCTTCTCCAGTATG","Thymus-790"
"GTGGGTCCAGTTAACC","Thymus-790"
"GTGTGCGAGTGTTAGA","Thymus-790"
"GTGTGCGCATACGCTA","Thymus-813"
"GTGTGCGCATCACGAT","Thymus-814"
"GTGTGCGGTAAAGTCA","Thymus-813"
"GTGTGCGGTAGTAGTA","Thymus-790"
"GTGTGCGGTTCAGGCC","Thymus-790"
"GTGTTAGCATGTCGAT","Thymus-814"
"GTGTTAGTCCTTGCCA","Thymus-790"
"GTTAAGCAGGTACTCT","Thymus-790"
"GTTAAGCCACATAACC","Thymus-814"
"GTTAAGCCATCACCCT","Thymus-814"
"GTTACAGCAAGCGCTC","Thymus-790"
"GTTACAGTCTCAACTT","Thymus-790"
"GTTACAGTCTGAAAGA","Thymus-814"
"GTTACAGTCTTTAGTC","Thymus-814"
"GTTCATTGTCAGAGGT","Thymus-790"
"GTTCATTGTGTGAATA","Thymus-813"
"GTTCATTTCTGACCTC","Thymus-814"
"GTTCGGGCAGTGGGAT","Thymus-790"
"GTTCGGGGTCTAGCCG","Thymus-814"
"GTTCGGGTCCTTTCGG","Thymus-790"
"GTTCTCGAGATCCGAG","Thymus-790"
"GTTTCTAAGGCGTACA","Thymus-790"
"GTTTCTAAGTGGGCTA","Thymus-790"
"GTTTCTACACCGAATT","Thymus-790"
"GTTTCTAGTGACTCAT","Thymus-790"
"TAAACCGAGCTAAGAT","Thymus-790"
"TAAACCGGTGATAAAC","Thymus-813"
"TAAACCGTCGAGAACG","Thymus-790"
"TAAGAGACACAACGCC","Thymus-790"
"TAAGAGACACCACCAG","Thymus-814"
"TAAGAGAGTTACGCGC","Thymus-814"
"TAAGCGTAGACCTTTG","Thymus-814"
"TAAGTGCAGAGGTTGC","Thymus-813"
"TAAGTGCAGATGGGTC","Thymus-790"
"TAAGTGCCAACAACCT","Thymus-790"
"TAAGTGCCAATGAAAC","Thymus-790"
"TAAGTGCGTACCCAAT","Thymus-790"
"TAAGTGCTCACGATGT","Thymus-814"
"TAAGTGCTCGCGTTTC","Thymus-814"
"TAAGTGCTCTTGACGA","Thymus-790"
"TACACGAAGCGTGTCC","Thymus-790"
"TACACGAGTTCACCTC","Thymus-814"
"TACAGTGAGATGTCGG","Thymus-790"
"TACAGTGAGTAGTGCG","Thymus-814"
"TACAGTGGTTCCGTCT","Thymus-814"
"TACAGTGGTTGTACAC","Thymus-790"
"TACAGTGTCCAAATGC","Thymus-814"
"TACAGTGTCTTGTCAT","Thymus-790"
"TACCTATAGGGCATGT","Thymus-790"
"TACCTATAGGGTATCG","Thymus-814"
"TACCTATGTTATGTGC","Thymus-790"
"TACCTATTCCGCGTTT","Thymus-814"
"TACCTATTCCTAGGGC","Thymus-814"
"TACCTATTCGGATGGA","Thymus-814"
"TACCTTAAGCACGCCT","Thymus-814"
"TACCTTACACTAAGTC","Thymus-790"
"TACCTTACAGACGCTC","Thymus-790"
"TACCTTAGTCTCATCC","Thymus-790"
"TACGGATCAAAGCGGT","Thymus-790"
"TACGGATCAACTGGCC","Thymus-814"
"TACGGATGTCTCGTTC","Thymus-790"
"TACGGATTCTACTATC","Thymus-814"
"TACGGGCAGAAACCAT","Thymus-790"
"TACGGGCCATGCCCGA","Thymus-790"
"TACGGGCTCCGCTGTT","Thymus-790"
"TACGGTACAAGAAGAG","Thymus-790"
"TACGGTACACTGTCGG","Thymus-790"
"TACGGTATCGGAGCAA","Thymus-814"
"TACTCATAGGGTCGAT","Thymus-790"
"TACTCGCCACCGCTAG","Thymus-790"
"TACTTACAGCGTTCCG","Thymus-790"
"TACTTACAGTTCCACA","Thymus-790"
"TACTTACCAAGCCCAC","Thymus-814"
"TACTTACCACGGTAGA","Thymus-790"
"TACTTACCAGATCCAT","Thymus-813"
"TACTTACGTATAGGGC","Thymus-790"
"TACTTACGTCGGATCC","Thymus-790"
"TACTTGTAGAGTACCG","Thymus-790"
"TACTTGTCAACCGCCA","Thymus-814"
"TACTTGTCATCGGAAG","Thymus-814"
"TACTTGTGTTCCAACA","Thymus-790"
"TACTTGTTCGGAATCT","Thymus-814"
"TAGACCAAGGCCCGTT","Thymus-814"
"TAGACCACAACTGCTA","Thymus-814"
"TAGACCAGTCTCGTTC","Thymus-814"
"TAGAGCTCAGATCGGA","Thymus-814"
"TAGAGCTCAGTACACT","Thymus-814"
"TAGAGCTCATGAAGTA","Thymus-790"
"TAGAGCTGTTTGTGTG","Thymus-814"
"TAGCCGGCACCTCGGA","Thymus-790"
"TAGCCGGCAGCCAATT","Thymus-814"
"TAGCCGGGTTACCGAT","Thymus-814"
"TAGGCATAGGTGGGTT","Thymus-790"
"TAGGCATGTCGCATAT","Thymus-790"
"TAGTGGTAGGTCATCT","Thymus-790"
"TAGTGGTGTAGGGACT","Thymus-790"
"TAGTTGGAGTCATCCA","Thymus-814"
"TAGTTGGGTACCGAGA","Thymus-813"
"TATCAGGCATGGTCAT","Thymus-790"
"TATCAGGGTCCCTACT","Thymus-814"
"TATCAGGGTCTTTCAT","Thymus-813"
"TATCAGGGTGCCTGCA","Thymus-814"
"TATCAGGTCGACCAGC","Thymus-790"
"TATCTCAAGAGGTTGC","Thymus-814"
"TATCTCACAATAAGCA","Thymus-790"
"TATCTCAGTAAATGAC","Thymus-790"
"TATCTCAGTCTAAACC","Thymus-790"
"TATCTCAGTTATCCGA","Thymus-814"
"TATCTCATCAATACCG","Thymus-790"
"TATCTCATCTCAACTT","Thymus-790"
"TATGCCCCATCCTAGA","Thymus-814"
"TATGCCCGTAACGCGA","Thymus-790"
"TATGCCCGTATGCTTG","Thymus-790"
"TATGCCCGTTTACTCT","Thymus-814"
"TATTACCAGACTTGAA","Thymus-813"
"TATTACCAGGATATAC","Thymus-790"
"TATTACCAGTACGACG","Thymus-790"
"TATTACCCATCGACGC","Thymus-790"
"TATTACCGTAGAGCTG","Thymus-790"
"TATTACCTCCGAATGT","Thymus-790"
"TCAACGACAAGTAGTA","Thymus-814"
"TCAACGACATTGCGGC","Thymus-790"
"TCAACGAGTTACCGAT","Thymus-814"
"TCAACGATCTTCTGGC","Thymus-790"
"TCAATCTAGACAATAC","Thymus-790"
"TCAATCTAGCGACGTA","Thymus-790"
"TCAATCTCACCTTGTC","Thymus-790"
"TCAATCTGTCGCCATG","Thymus-790"
"TCAATCTTCGCACTCT","Thymus-814"
"TCACAAGAGAGGACGG","Thymus-790"
"TCACAAGAGTCTCAAC","Thymus-814"
"TCACGAAAGATCTGCT","Thymus-814"
"TCACGAATCAGCTTAG","Thymus-790"
"TCAGATGTCTTGACGA","Thymus-813"
"TCAGCAAAGCTGAAAT","Thymus-814"
"TCAGCAAAGTGTACTC","Thymus-790"
"TCAGCAACAGACGCTC","Thymus-814"
"TCAGCAAGTAGGCATG","Thymus-790"
"TCAGCAATCGCAGGCT","Thymus-790"
"TCAGCTCAGAAGATTC","Thymus-813"
"TCAGCTCAGCGATATA","Thymus-814"
"TCAGCTCGTACTCAAC","Thymus-813"
"TCAGCTCGTGACCAAG","Thymus-790"
"TCAGCTCTCGAGAGCA","Thymus-790"
"TCAGGATAGCAGGCTA","Thymus-790"
"TCAGGATAGGCCCTCA","Thymus-814"
"TCAGGATAGTAGGCCA","Thymus-814"
"TCAGGATGTACAAGTA","Thymus-814"
"TCAGGATTCAAGAAGT","Thymus-790"
"TCAGGATTCGGAGCAA","Thymus-813"
"TCAGGTACACATGTGT","Thymus-790"
"TCAGGTATCCGTAGGC","Thymus-790"
"TCATTACCATAGAAAC","Thymus-814"
"TCATTACCATGGTAGG","Thymus-814"
"TCATTACGTACCGTAT","Thymus-790"
"TCATTACTCAGCACAT","Thymus-814"
"TCATTACTCTCCAACC","Thymus-790"
"TCATTTGCACGTCAGC","Thymus-814"
"TCATTTGCATGCATGT","Thymus-790"
"TCATTTGGTACAAGTA","Thymus-814"
"TCATTTGGTTCTCATT","Thymus-814"
"TCATTTGGTTTCCACC","Thymus-814"
"TCCACACCAGTATAAG","Thymus-790"
"TCCACACGTGATGCCC","Thymus-790"
"TCCACACGTGCACGAA","Thymus-814"
"TCCACACGTTAAGACA","Thymus-790"
"TCCCGATCATGGGAAC","Thymus-814"
"TCCCGATTCCATTCTA","Thymus-814"
"TCCCGATTCGTCACGG","Thymus-790"
"TCGAGGCAGCAGACTG","Thymus-814"
"TCGAGGCCAAACCCAT","Thymus-790"
"TCGAGGCCATCGGTTA","Thymus-790"
"TCGAGGCTCTCAAACG","Thymus-790"
"TCGCGAGCAAGCTGTT","Thymus-790"
"TCGCGAGCACCTATCC","Thymus-814"
"TCGCGAGGTCCATGAT","Thymus-814"
"TCGCGAGTCCTCAATT","Thymus-790"
"TCGCGTTAGCAGGTCA","Thymus-790"
"TCGCGTTCAGGACGTA","Thymus-790"
"TCGCGTTCAGGCGATA","Thymus-814"
"TCGCGTTCATTTCAGG","Thymus-790"
"TCGCGTTGTGAAGGCT","Thymus-790"
"TCGGGACCAATCCGAT","Thymus-790"
"TCGGGACCACGCATCG","Thymus-813"
"TCGGGACGTCACCTAA","Thymus-790"
"TCGGGACTCGCTGATA","Thymus-814"
"TCGGTAAAGCGTGAGT","Thymus-814"
"TCGGTAAGTGCCTGTG","Thymus-790"
"TCGTACCAGGACATTA","Thymus-790"
"TCGTACCGTCATCGGC","Thymus-790"
"TCGTACCGTCCGTGAC","Thymus-814"
"TCGTACCGTTGGTGGA","Thymus-814"
"TCGTAGAAGAGTAAGG","Thymus-790"
"TCGTAGACAGTATGCT","Thymus-790"
"TCGTAGATCGATCCCT","Thymus-814"
"TCGTAGATCTTGACGA","Thymus-814"
"TCTATTGAGATATGCA","Thymus-814"
"TCTATTGCAGCTGTAT","Thymus-814"
"TCTATTGTCAGGCCCA","Thymus-790"
"TCTATTGTCGTGGTCG","Thymus-814"
"TCTCATAAGACAGGCT","Thymus-814"
"TCTCATAAGGATGTAT","Thymus-814"
"TCTCATAAGGCAAAGA","Thymus-814"
"TCTCATAAGTTCGCAT","Thymus-790"
"TCTCATACACAAGTAA","Thymus-790"
"TCTCTAACACAGCGTC","Thymus-790"
"TCTCTAAGTGTTTGTG","Thymus-814"
"TCTCTAATCACAACGT","Thymus-814"
"TCTGAGAAGCAATCTC","Thymus-790"
"TCTGAGACAAGGTTTC","Thymus-814"
"TCTGAGATCGGTGTCG","Thymus-790"
"TCTGGAAAGGTGCTAG","Thymus-814"
"TCTGGAACAGCCAATT","Thymus-790"
"TCTGGAAGTAGAAGGA","Thymus-790"
"TCTGGAAGTAGGCATG","Thymus-814"
"TCTGGAAGTCACTTCC","Thymus-814"
"TCTGGAAGTTCCATGA","Thymus-814"
"TCTGGAATCTATCGCC","Thymus-814"
"TCTGGAATCTTGCAAG","Thymus-814"
"TCTTCGGAGGCATTGG","Thymus-790"
"TCTTCGGTCTTTAGTC","Thymus-790"
"TCTTTCCAGAGCCCAA","Thymus-790"
"TCTTTCCAGAGCTGCA","Thymus-790"
"TCTTTCCCAGTTCCCT","Thymus-790"
"TCTTTCCGTCGTTGTA","Thymus-790"
"TCTTTCCTCAACGAAA","Thymus-790"
"TCTTTCCTCGTACGGC","Thymus-814"
"TCTTTCCTCGTGACAT","Thymus-790"
"TCTTTCCTCTTCCTTC","Thymus-814"
"TGAAAGATCATGCTCC","Thymus-814"
"TGAAAGATCGCTAGCG","Thymus-790"
"TGAAAGATCTGATTCT","Thymus-813"
"TGACAACAGCTCCTTC","Thymus-814"
"TGACAACCAAATTGCC","Thymus-814"
"TGACAACCAGCTGTAT","Thymus-790"
"TGACAACCAGTCCTTC","Thymus-814"
"TGACAACTCGTAGGAG","Thymus-790"
"TGACGGCAGAACAACT","Thymus-814"
"TGACGGCAGTCGAGTG","Thymus-790"
"TGACGGCAGTTAGCGG","Thymus-813"
"TGACGGCCAAAGCGGT","Thymus-814"
"TGACGGCCATCTCCCA","Thymus-814"
"TGACGGCGTGCGCTTG","Thymus-814"
"TGACGGCTCAGTCCCT","Thymus-790"
"TGACGGCTCTAGCACA","Thymus-814"
"TGACTAGGTGTCAATC","Thymus-814"
"TGACTAGTCCATGCTC","Thymus-814"
"TGACTTTGTAGATTAG","Thymus-790"
"TGAGAGGAGTATCTCG","Thymus-790"
"TGAGAGGAGTCTCGGC","Thymus-814"
"TGAGAGGCATTCCTGC","Thymus-814"
"TGAGCATAGCTAGGCA","Thymus-814"
"TGAGCATAGGAGTTGC","Thymus-790"
"TGAGCATAGTCTCGGC","Thymus-790"
"TGAGCATAGTGAACGC","Thymus-814"
"TGAGCATCAGTCGATT","Thymus-790"
"TGAGCATGTTATGCGT","Thymus-814"
"TGAGCATTCTCCGGTT","Thymus-814"
"TGAGCATTCTGCGGCA","Thymus-814"
"TGAGCCGCATATGAGA","Thymus-790"
"TGAGCCGGTCTCTCTG","Thymus-790"
"TGAGCCGTCACTGGGC","Thymus-790"
"TGAGGGAAGGGTTTCT","Thymus-790"
"TGAGGGAGTTATGCGT","Thymus-790"
"TGATTTCCACGACGAA","Thymus-814"
"TGATTTCGTTACGACT","Thymus-813"
"TGATTTCTCCAAAGTC","Thymus-790"
"TGCACCTAGACTAGGC","Thymus-814"
"TGCACCTCAATCGAAA","Thymus-814"
"TGCACCTGTAATCACC","Thymus-790"
"TGCACCTGTCTGGAGA","Thymus-790"
"TGCACCTGTGTATGGG","Thymus-790"
"TGCACCTGTTCGTTGA","Thymus-790"
"TGCACCTTCTTTACAC","Thymus-790"
"TGCCAAAGTACTTGAC","Thymus-813"
"TGCCAAAGTGAAGGCT","Thymus-813"
"TGCCAAAGTGAGCGAT","Thymus-813"
"TGCCAAATCCACTGGG","Thymus-790"
"TGCCAAATCGCAAGCC","Thymus-790"
"TGCCCATTCAGTGTTG","Thymus-790"
"TGCCCTAAGCAGCCTC","Thymus-813"
"TGCCCTAAGCGGATCA","Thymus-790"
"TGCCCTAAGGGATCTG","Thymus-814"
"TGCCCTAGTCGAAAGC","Thymus-814"
"TGCCCTATCTGTTTGT","Thymus-814"
"TGCGCAGAGGCAAAGA","Thymus-790"
"TGCGCAGCACGGACAA","Thymus-814"
"TGCGCAGCAGGACGTA","Thymus-790"
"TGCGCAGCATCGACGC","Thymus-814"
"TGCGCAGTCACATACG","Thymus-790"
"TGCGCAGTCGCCGTGA","Thymus-790"
"TGCGGGTCATACGCCG","Thymus-814"
"TGCGGGTGTACTTCTT","Thymus-814"
"TGCGGGTGTCGTCTTC","Thymus-813"
"TGCGGGTTCTTATCTG","Thymus-790"
"TGCGTGGAGCTAAGAT","Thymus-790"
"TGCGTGGAGGGCTCTC","Thymus-790"
"TGCGTGGCAAACAACA","Thymus-790"
"TGCGTGGCAATGGAGC","Thymus-790"
"TGCGTGGCACGGATAG","Thymus-814"
"TGCGTGGGTGGGTATG","Thymus-790"
"TGCTACCAGAGGGCTT","Thymus-790"
"TGCTACCAGAGTACAT","Thymus-790"
"TGCTACCAGCTGATAA","Thymus-790"
"TGCTACCAGCTTTGGT","Thymus-813"
"TGCTACCCAGACACTT","Thymus-790"
"TGCTACCGTCATTAGC","Thymus-814"
"TGCTGCTAGAGTACAT","Thymus-814"
"TGCTGCTAGGCCCTCA","Thymus-814"
"TGCTGCTCACTTCTGC","Thymus-790"
"TGCTGCTCATACTACG","Thymus-790"
"TGCTGCTGTCCAGTGC","Thymus-790"
"TGCTGCTGTGCAACGA","Thymus-813"
"TGCTGCTTCACTCCTG","Thymus-790"
"TGGACGCAGGTGCAAC","Thymus-790"
"TGGACGCAGTAGCCGA","Thymus-790"
"TGGACGCCAACACGCC","Thymus-790"
"TGGACGCTCGCCGTGA","Thymus-814"
"TGGCCAGAGTCAAGCG","Thymus-790"
"TGGCCAGGTCCTAGCG","Thymus-814"
"TGGCCAGGTGTCAATC","Thymus-814"
"TGGCGCAAGTCGTACT","Thymus-814"
"TGGCGCACAAACTGCT","Thymus-790"
"TGGCGCAGTCTGCAAT","Thymus-790"
"TGGCTGGAGTGCGTGA","Thymus-790"
"TGGCTGGAGTGTCTCA","Thymus-814"
"TGGCTGGCATGGAATA","Thymus-790"
"TGGCTGGTCAGTGTTG","Thymus-814"
"TGGCTGGTCGGAAATA","Thymus-814"
"TGGGAAGAGTAAGTAC","Thymus-814"
"TGGGAAGCAAGAGTCG","Thymus-814"
"TGGGAAGCATCCAACA","Thymus-814"
"TGGGAAGGTCAGAGGT","Thymus-790"
"TGGGAAGGTCCTAGCG","Thymus-790"
"TGGGAAGGTCGAGATG","Thymus-790"
"TGGGAAGTCCGGCACA","Thymus-814"
"TGGGCGTCAACGATGG","Thymus-814"
"TGGGCGTCATAGTAAG","Thymus-790"
"TGGGCGTGTGTTTGTG","Thymus-790"
"TGGGCGTTCGCATGAT","Thymus-813"
"TGGGCGTTCGGTTAAC","Thymus-790"
"TGGTTAGAGGCTATCT","Thymus-814"
"TGGTTAGGTTACGCGC","Thymus-814"
"TGGTTCCAGCGAGAAA","Thymus-814"
"TGGTTCCGTGTAACGG","Thymus-790"
"TGGTTCCTCGGACAAG","Thymus-814"
"TGTATTCTCCGAAGAG","Thymus-814"
"TGTATTCTCGTTGCCT","Thymus-790"
"TGTCCCAGTGGGTCAA","Thymus-814"
"TGTCCCATCAAAGTAG","Thymus-790"
"TGTGGTAAGCCCAACC","Thymus-790"
"TGTGGTAAGCGATAGC","Thymus-790"
"TGTGGTACAGCGAACA","Thymus-790"
"TGTGTTTAGCGGATCA","Thymus-814"
"TGTGTTTGTAGAAAGG","Thymus-790"
"TGTGTTTTCAACACGT","Thymus-790"
"TGTTCCGTCCGGCACA","Thymus-790"
"TGTTCCGTCCTCTAGC","Thymus-814"
"TTAACTCAGAAACCAT","Thymus-814"
"TTAACTCCAATGGATA","Thymus-814"
"TTAACTCCACTACAGT","Thymus-814"
"TTAACTCGTTGATTCG","Thymus-790"
"TTAACTCTCTTGCAAG","Thymus-790"
"TTAGGACAGCGTAATA","Thymus-790"
"TTAGGACGTTAAGATG","Thymus-790"
"TTAGGCAAGAGGTACC","Thymus-790"
"TTAGGCAAGGATGGAA","Thymus-790"
"TTAGGCACACGTCAGC","Thymus-790"
"TTAGGCACAGGATTGG","Thymus-790"
"TTAGGCAGTCCGAATT","Thymus-790"
"TTAGGCATCAGTCAGT","Thymus-813"
"TTAGGCATCTCCCTGA","Thymus-814"
"TTAGTTCAGAAGGTTT","Thymus-814"
"TTAGTTCCATGCAACT","Thymus-814"
"TTAGTTCTCACTTCAT","Thymus-790"
"TTATGCTCAAGCCATT","Thymus-790"
"TTATGCTTCGTGGACC","Thymus-790"
"TTCCCAGAGCTAAGAT","Thymus-814"
"TTCCCAGCACTGAAGG","Thymus-790"
"TTCCCAGGTGGACGAT","Thymus-790"
"TTCCCAGTCTCAAACG","Thymus-814"
"TTCGAAGAGATAGTCA","Thymus-790"
"TTCGAAGAGGAACTGC","Thymus-814"
"TTCGAAGCACATTCGA","Thymus-790"
"TTCGAAGCAGATCTGT","Thymus-814"
"TTCGAAGGTATCAGTC","Thymus-813"
"TTCGAAGTCTACTTAC","Thymus-814"
"TTCGGTCAGTTAACGA","Thymus-814"
"TTCGGTCCAATCGAAA","Thymus-790"
"TTCGGTCTCATGTGGT","Thymus-814"
"TTCGGTCTCATTTGGG","Thymus-814"
"TTCGGTCTCCGTTGCT","Thymus-814"
"TTCTACACATCACGTA","Thymus-814"
"TTCTACACATTCCTCG","Thymus-790"
"TTCTACAGTAATAGCA","Thymus-790"
"TTCTCAACAAATTGCC","Thymus-790"
"TTCTCAAGTAAACACA","Thymus-813"
"TTCTCAATCTCCTATA","Thymus-790"
"TTCTCCTCAATAGCGG","Thymus-814"
"TTCTCCTCATCTACGA","Thymus-814"
"TTCTCCTGTCCGAATT","Thymus-813"
"TTCTCCTGTGTGGTTT","Thymus-814"
"TTCTTAGAGTGAATTG","Thymus-790"
"TTCTTAGCACAGGAGT","Thymus-790"
"TTCTTAGGTAGCGATG","Thymus-790"
"TTCTTAGTCGAGAGCA","Thymus-814"
"TTGAACGAGATGGGTC","Thymus-790"
"TTGAACGAGCGATCCC","Thymus-814"
"TTGAACGAGTTCGCGC","Thymus-814"
"TTGAACGCAGACAAAT","Thymus-790"
"TTGAACGCATCACAAC","Thymus-790"
"TTGAACGGTCGCGTGT","Thymus-790"
"TTGAACGGTGTCAATC","Thymus-790"
"TTGAACGGTTCAGGCC","Thymus-790"
"TTGAACGGTTCCACTC","Thymus-813"
"TTGACTTAGGCTACGA","Thymus-790"
"TTGACTTAGTGGGATC","Thymus-814"
"TTGACTTCAGCCTTTC","Thymus-790"
"TTGACTTGTGCTGTAT","Thymus-814"
"TTGACTTGTGGTAACG","Thymus-814"
"TTGACTTGTTCCGTCT","Thymus-790"
"TTGACTTTCACTCTTA","Thymus-790"
"TTGACTTTCTCGCTTG","Thymus-814"
"TTGACTTTCTGTCTAT","Thymus-814"
"TTGCCGTCAGATGGGT","Thymus-814"
"TTGCCGTGTCGTCTTC","Thymus-814"
"TTGCGTCAGAGCCTAG","Thymus-790"
"TTGCGTCAGAGGACGG","Thymus-790"
"TTGCGTCAGATCCCGC","Thymus-814"
"TTGCGTCAGATCCGAG","Thymus-814"
"TTGCGTCAGGTGCAAC","Thymus-790"
"TTGCGTCAGTGTTAGA","Thymus-814"
"TTGCGTCGTTCCAACA","Thymus-790"
"TTGCGTCGTTTGGGCC","Thymus-790"
"TTGGAACAGATCCCGC","Thymus-790"
"TTGGAACAGGATGGTC","Thymus-790"
"TTGGAACTCCTGCAGG","Thymus-814"
"TTGGCAAAGCCAGGAT","Thymus-814"
"TTGGCAACACATCTTT","Thymus-813"
"TTGGCAACAGCGATCC","Thymus-790"
"TTGGCAAGTCAATGTC","Thymus-790"
"TTGGCAAGTCTTCAAG","Thymus-790"
"TTGTAGGAGGACAGAA","Thymus-790"
"TTGTAGGAGGTGCACA","Thymus-790"
"TTGTAGGGTCAATGTC","Thymus-814"
"TTGTAGGTCAGATAAG","Thymus-814"
"TTTACTGAGAGTACAT","Thymus-814"
"TTTACTGAGATAGCAT","Thymus-790"
"TTTACTGAGTGTGAAT","Thymus-790"
"TTTACTGAGTTCGATC","Thymus-814"
"TTTACTGTCACTGGGC","Thymus-790"
"TTTATGCGTATATGAG","Thymus-814"
"TTTATGCTCCAAACAC","Thymus-814"
"TTTATGCTCGTCTGCT","Thymus-814"
"TTTATGCTCTCGAGTA","Thymus-814"
"TTTATGCTCTTGGGTA","Thymus-814"
"TTTCCTCCAAGAAGAG","Thymus-814"
"TTTCCTCCAAGCGATG","Thymus-790"
"TTTCCTCCACAGCCCA","Thymus-813"
"TTTCCTCTCCGTTGTC","Thymus-790"
"TTTCCTCTCGTCTGAA","Thymus-790"
"TTTGCGCCAAGTAGTA","Thymus-814"
"TTTGCGCTCAAACCAC","Thymus-790"
"TTTGCGCTCGTACCGG","Thymus-814"
"TTTGGTTAGATGGGTC","Thymus-814"
"TTTGGTTAGCCCAATT","Thymus-814"
"TTTGGTTAGCTAACAA","Thymus-790"
"TTTGGTTAGGAGTTTA","Thymus-813"
"TTTGGTTAGGATGGAA","Thymus-790"
"TTTGGTTAGGCGACAT","Thymus-790"
"TTTGGTTCAGCTGTAT","Thymus-814"
"TTTGTCACATCACAAC","Thymus-790"
"TTTGTCATCGCTTAGA","Thymus-790"
"TTTGTCATCTGTACGA","Thymus-814"
